{"type": "FeatureCollection", "features": [{"type": "Feature", "geometry": {"type": "Point", "coordinates": [150.95002156226235, -33.848230326519655]}, "properties": {"ucl_code": "UCL101001", "ucl_name": "Sydney", "area_sqkm": 2194.173}}, {"type": "Feature", "geometry": {"type": "Point", "coordinates": [149.21984563296, -35.368919199442985]}, "properties": {"ucl_code": "UCL102001", "ucl_name": "Canberra - Queanbeyan (Queanbeyan Part)", "area_sqkm": 28.787}}, {"type": "Feature", "geometry": {"type": "Point", "coordinates": [151.31824846098763, -33.51525184205129]}, "properties": {"ucl_code": "UCL102002", "ucl_name": "Central Coast", "area_sqkm": 332.906}}, {"type": "Feature", "geometry": {"type": "Point", "coordinates": [153.53397964486837, -28.22236250702464]}, "properties": {"ucl_code": "UCL102003", "ucl_name": "Gold Coast - Tweed Heads (Tweed Heads Part)", "area_sqkm": 67.678}}, {"type": "Feature", "geometry": {"type": "Point", "coordinates": [151.66960343009524, -32.959042268833926]}, "properties": {"ucl_code": "UCL102004", "ucl_name": "Newcastle", "area_sqkm": 296.99}}, {"type": "Feature", "geometry": {"type": "Point", "coordinates": [150.85820863075276, -34.439992788294035]}, "properties": {"ucl_code": "UCL102005", "ucl_name": "Wollongong", "area_sqkm": 224.484}}, {"type": "Feature", "geometry": {"type": "Point", "coordinates": [146.96482151488922, -36.05113214186961]}, "properties": {"ucl_code": "UCL111001", "ucl_name": "Albury - Wodonga (Albury Part)", "area_sqkm": 74.911}}, {"type": "Feature", "geometry": {"type": "Point", "coordinates": [153.0921602183218, -30.29733855835135]}, "properties": {"ucl_code": "UCL111002", "ucl_name": "Coffs Harbour", "area_sqkm": 77.967}}, {"type": "Feature", "geometry": {"type": "Point", "coordinates": [151.5821266391399, -32.74784084320969]}, "properties": {"ucl_code": "UCL111003", "ucl_name": "Maitland (NSW)", "area_sqkm": 122.9}}, {"type": "Feature", "geometry": {"type": "Point", "coordinates": [151.66485839874616, -30.51283833545541]}, "properties": {"ucl_code": "UCL112001", "ucl_name": "Armidale", "area_sqkm": 30.216}}, {"type": "Feature", "geometry": {"type": "Point", "coordinates": [149.58041580283515, -33.4064818817672]}, "properties": {"ucl_code": "UCL112002", "ucl_name": "Bathurst", "area_sqkm": 54.554}}, {"type": "Feature", "geometry": {"type": "Point", "coordinates": [150.42875250116694, -33.727374396361]}, "properties": {"ucl_code": "UCL112003", "ucl_name": "Blue Mountains", "area_sqkm": 79.176}}, {"type": "Feature", "geometry": {"type": "Point", "coordinates": [150.42181924103528, -34.47398174408993]}, "properties": {"ucl_code": "UCL112004", "ucl_name": "Bowral - Mittagong", "area_sqkm": 55.902}}, {"type": "Feature", "geometry": {"type": "Point", "coordinates": [151.3494139733101, -32.82725558512425]}, "properties": {"ucl_code": "UCL112005", "ucl_name": "Cessnock", "area_sqkm": 21.775}}, {"type": "Feature", "geometry": {"type": "Point", "coordinates": [148.6098449925982, -32.241734491071284]}, "properties": {"ucl_code": "UCL112006", "ucl_name": "Dubbo", "area_sqkm": 85.762}}, {"type": "Feature", "geometry": {"type": "Point", "coordinates": [144.73811129447407, -36.09203414929799]}, "properties": {"ucl_code": "UCL112007", "ucl_name": "Echuca - Moama (Moama Part)", "area_sqkm": 28.019}}, {"type": "Feature", "geometry": {"type": "Point", "coordinates": [152.52418244090615, -32.19034892478363]}, "properties": {"ucl_code": "UCL112008", "ucl_name": "Forster - Tuncurry", "area_sqkm": 32.665}}, {"type": "Feature", "geometry": {"type": "Point", "coordinates": [149.72699990317906, -34.744291593836415]}, "properties": {"ucl_code": "UCL112009", "ucl_name": "Goulburn", "area_sqkm": 55.576}}, {"type": "Feature", "geometry": {"type": "Point", "coordinates": [146.04754260618733, -34.27354238251603]}, "properties": {"ucl_code": "UCL112010", "ucl_name": "Griffith", "area_sqkm": 47.93}}, {"type": "Feature", "geometry": {"type": "Point", "coordinates": [151.45017164487632, -32.80826432514161]}, "properties": {"ucl_code": "UCL112011", "ucl_name": "Kurri Kurri", "area_sqkm": 26.112}}, {"type": "Feature", "geometry": {"type": "Point", "coordinates": [153.29458617032475, -28.81912860682803]}, "properties": {"ucl_code": "UCL112012", "ucl_name": "Lismore (NSW)", "area_sqkm": 40.251}}, {"type": "Feature", "geometry": {"type": "Point", "coordinates": [142.1825011582836, -34.17162576622634]}, "properties": {"ucl_code": "UCL112013", "ucl_name": "Mildura - Buronga (Buronga Part)", "area_sqkm": 5.891}}, {"type": "Feature", "geometry": {"type": "Point", "coordinates": [151.48629378342315, -33.100701324596145]}, "properties": {"ucl_code": "UCL112014", "ucl_name": "Morisset - Cooranbong", "area_sqkm": 43.748}}, {"type": "Feature", "geometry": {"type": "Point", "coordinates": [150.60587969461866, -34.87937726671943]}, "properties": {"ucl_code": "UCL112015", "ucl_name": "Nowra - Bomaderry", "area_sqkm": 37.935}}, {"type": "Feature", "geometry": {"type": "Point", "coordinates": [149.0964372211091, -33.27523003135342]}, "properties": {"ucl_code": "UCL112016", "ucl_name": "Orange", "area_sqkm": 56.828}}, {"type": "Feature", "geometry": {"type": "Point", "coordinates": [152.9170990178215, -31.44978967961238]}, "properties": {"ucl_code": "UCL112017", "ucl_name": "Port Macquarie", "area_sqkm": 43.892}}, {"type": "Feature", "geometry": {"type": "Point", "coordinates": [150.91341895850547, -31.09913226292727]}, "properties": {"ucl_code": "UCL112018", "ucl_name": "Tamworth", "area_sqkm": 38.217}}, {"type": "Feature", "geometry": {"type": "Point", "coordinates": [147.367041574839, -35.14000539622384]}, "properties": {"ucl_code": "UCL112019", "ucl_name": "Wagga Wagga", "area_sqkm": 71.531}}, {"type": "Feature", "geometry": {"type": "Point", "coordinates": [153.58778341857357, -28.859949513945526]}, "properties": {"ucl_code": "UCL113001", "ucl_name": "Ballina", "area_sqkm": 15.693}}, {"type": "Feature", "geometry": {"type": "Point", "coordinates": [150.19280181673216, -35.734749743047615]}, "properties": {"ucl_code": "UCL113002", "ucl_name": "Batemans Bay", "area_sqkm": 22.383}}, {"type": "Feature", "geometry": {"type": "Point", "coordinates": [141.45262006840647, -31.96506616506229]}, "properties": {"ucl_code": "UCL113003", "ucl_name": "Broken Hill", "area_sqkm": 25.721}}, {"type": "Feature", "geometry": {"type": "Point", "coordinates": [153.6137716324616, -28.65470452040259]}, "properties": {"ucl_code": "UCL113004", "ucl_name": "Byron Bay", "area_sqkm": 21.858}}, {"type": "Feature", "geometry": {"type": "Point", "coordinates": [152.9322422649766, -29.7062124548819]}, "properties": {"ucl_code": "UCL113005", "ucl_name": "Grafton", "area_sqkm": 42.168}}, {"type": "Feature", "geometry": {"type": "Point", "coordinates": [152.83798882901195, -31.074843450422215]}, "properties": {"ucl_code": "UCL113006", "ucl_name": "Kempsey", "area_sqkm": 47.04}}, {"type": "Feature", "geometry": {"type": "Point", "coordinates": [150.84331154942487, -34.658058782275305]}, "properties": {"ucl_code": "UCL113007", "ucl_name": "Kiama", "area_sqkm": 13.038}}, {"type": "Feature", "geometry": {"type": "Point", "coordinates": [150.1596257152268, -33.47543677569802]}, "properties": {"ucl_code": "UCL113008", "ucl_name": "Lithgow", "area_sqkm": 24.152}}, {"type": "Feature", "geometry": {"type": "Point", "coordinates": [151.87647105310643, -32.74129767699564]}, "properties": {"ucl_code": "UCL113009", "ucl_name": "Medowie", "area_sqkm": 14.477}}, {"type": "Feature", "geometry": {"type": "Point", "coordinates": [149.57460763034527, -32.59304066740988]}, "properties": {"ucl_code": "UCL113010", "ucl_name": "Mudgee", "area_sqkm": 23.729}}, {"type": "Feature", "geometry": {"type": "Point", "coordinates": [150.89175265894332, -32.2698494449516]}, "properties": {"ucl_code": "UCL113011", "ucl_name": "Muswellbrook", "area_sqkm": 13.225}}, {"type": "Feature", "geometry": {"type": "Point", "coordinates": [152.13030880151945, -32.72523296640787]}, "properties": {"ucl_code": "UCL113012", "ucl_name": "Nelson Bay", "area_sqkm": 11.469}}, {"type": "Feature", "geometry": {"type": "Point", "coordinates": [151.74936733012476, -32.76787472700438]}, "properties": {"ucl_code": "UCL113013", "ucl_name": "Raymond Terrace", "area_sqkm": 25.536}}, {"type": "Feature", "geometry": {"type": "Point", "coordinates": [151.15494848370884, -32.5516664194749]}, "properties": {"ucl_code": "UCL113014", "ucl_name": "Singleton", "area_sqkm": 17.238}}, {"type": "Feature", "geometry": {"type": "Point", "coordinates": [150.61703447726177, -35.097731777757446]}, "properties": {"ucl_code": "UCL113015", "ucl_name": "St Georges Basin - Sanctuary Point", "area_sqkm": 9.347}}, {"type": "Feature", "geometry": {"type": "Point", "coordinates": [152.46356672437688, -31.89167493617642]}, "properties": {"ucl_code": "UCL113016", "ucl_name": "Taree", "area_sqkm": 37.807}}, {"type": "Feature", "geometry": {"type": "Point", "coordinates": [150.46651240056312, -35.356208754925305]}, "properties": {"ucl_code": "UCL113017", "ucl_name": "Ulladulla", "area_sqkm": 21.665}}, {"type": "Feature", "geometry": {"type": "Point", "coordinates": [146.0034534740258, -35.987351624470136]}, "properties": {"ucl_code": "UCL113018", "ucl_name": "Yarrawonga - Mulwala (Mulwala Part)", "area_sqkm": 10.582}}, {"type": "Feature", "geometry": {"type": "Point", "coordinates": [153.44127469491906, -28.83802548697995]}, "properties": {"ucl_code": "UCL114001", "ucl_name": "Alstonville", "area_sqkm": 4.538}}, {"type": "Feature", "geometry": {"type": "Point", "coordinates": [152.8216977492184, -31.639693885344535]}, "properties": {"ucl_code": "UCL114002", "ucl_name": "Camden Haven", "area_sqkm": 18.836}}, {"type": "Feature", "geometry": {"type": "Point", "coordinates": [153.04601038573423, -28.86331016802054]}, "properties": {"ucl_code": "UCL114003", "ucl_name": "Casino", "area_sqkm": 12.192}}, {"type": "Feature", "geometry": {"type": "Point", "coordinates": [149.13531531275748, -36.23207988593562]}, "properties": {"ucl_code": "UCL114004", "ucl_name": "Cooma", "area_sqkm": 17.793}}, {"type": "Feature", "geometry": {"type": "Point", "coordinates": [148.02401013157802, -34.63488821480294]}, "properties": {"ucl_code": "UCL114005", "ucl_name": "Cootamundra", "area_sqkm": 9.098}}, {"type": "Feature", "geometry": {"type": "Point", "coordinates": [146.37674887944544, -36.009358431556834]}, "properties": {"ucl_code": "UCL114006", "ucl_name": "Corowa - Wahgunyah (Corowa Part)", "area_sqkm": 24.962}}, {"type": "Feature", "geometry": {"type": "Point", "coordinates": [148.67050130918267, -33.83683094236023]}, "properties": {"ucl_code": "UCL114007", "ucl_name": "Cowra", "area_sqkm": 23.875}}, {"type": "Feature", "geometry": {"type": "Point", "coordinates": [144.9654274929488, -35.54208969776231]}, "properties": {"ucl_code": "UCL114008", "ucl_name": "Deniliquin", "area_sqkm": 35.353}}, {"type": "Feature", "geometry": {"type": "Point", "coordinates": [147.3549221693705, -35.06530251638208]}, "properties": {"ucl_code": "UCL114009", "ucl_name": "Estella", "area_sqkm": 8.994}}, {"type": "Feature", "geometry": {"type": "Point", "coordinates": [147.99950855264916, -33.38592214741696]}, "properties": {"ucl_code": "UCL114010", "ucl_name": "Forbes", "area_sqkm": 22.607}}, {"type": "Feature", "geometry": {"type": "Point", "coordinates": [151.73060758098518, -29.736584363198276]}, "properties": {"ucl_code": "UCL114011", "ucl_name": "Glen Innes", "area_sqkm": 10.123}}, {"type": "Feature", "geometry": {"type": "Point", "coordinates": [149.23684842821763, -35.42679067105923]}, "properties": {"ucl_code": "UCL114012", "ucl_name": "Googong", "area_sqkm": 6.916}}, {"type": "Feature", "geometry": {"type": "Point", "coordinates": [150.24139329351567, -30.966525643194814]}, "properties": {"ucl_code": "UCL114013", "ucl_name": "Gunnedah", "area_sqkm": 33.352}}, {"type": "Feature", "geometry": {"type": "Point", "coordinates": [150.98300955601715, -34.18870993367359]}, "properties": {"ucl_code": "UCL114014", "ucl_name": "Helensburgh", "area_sqkm": 4.429}}, {"type": "Feature", "geometry": {"type": "Point", "coordinates": [151.11497850946117, -29.77859905549875]}, "properties": {"ucl_code": "UCL114015", "ucl_name": "Inverell", "area_sqkm": 19.911}}, {"type": "Feature", "geometry": {"type": "Point", "coordinates": [146.40950555477696, -34.54844022160789]}, "properties": {"ucl_code": "UCL114016", "ucl_name": "Leeton", "area_sqkm": 13.109}}, {"type": "Feature", "geometry": {"type": "Point", "coordinates": [153.59165708273156, -28.797799677490488]}, "properties": {"ucl_code": "UCL114017", "ucl_name": "Lennox Head", "area_sqkm": 6.028}}, {"type": "Feature", "geometry": {"type": "Point", "coordinates": [149.90778217142176, -36.88357522106813]}, "properties": {"ucl_code": "UCL114018", "ucl_name": "Merimbula", "area_sqkm": 22.637}}, {"type": "Feature", "geometry": {"type": "Point", "coordinates": [149.84464874480463, -29.480115096061624]}, "properties": {"ucl_code": "UCL114019", "ucl_name": "Moree", "area_sqkm": 18.828}}, {"type": "Feature", "geometry": {"type": "Point", "coordinates": [150.38544528053387, -34.54791577103647]}, "properties": {"ucl_code": "UCL114020", "ucl_name": "Moss Vale", "area_sqkm": 13.562}}, {"type": "Feature", "geometry": {"type": "Point", "coordinates": [153.40717440943314, -28.325873486299333]}, "properties": {"ucl_code": "UCL114021", "ucl_name": "Murwillumbah", "area_sqkm": 26.328}}, {"type": "Feature", "geometry": {"type": "Point", "coordinates": [152.99057733178336, -30.655130655978]}, "properties": {"ucl_code": "UCL114022", "ucl_name": "Nambucca Heads", "area_sqkm": 13.623}}, {"type": "Feature", "geometry": {"type": "Point", "coordinates": [149.78392393291, -30.332142754193576]}, "properties": {"ucl_code": "UCL114023", "ucl_name": "Narrabri", "area_sqkm": 18.126}}, {"type": "Feature", "geometry": {"type": "Point", "coordinates": [148.180711050661, -33.14274604440587]}, "properties": {"ucl_code": "UCL114024", "ucl_name": "Parkes", "area_sqkm": 17.164}}, {"type": "Feature", "geometry": {"type": "Point", "coordinates": [153.55770807526847, -28.385264501179954]}, "properties": {"ucl_code": "UCL114025", "ucl_name": "Pottsville", "area_sqkm": 8.96}}, {"type": "Feature", "geometry": {"type": "Point", "coordinates": [150.7072777645975, -33.584756270075566]}, "properties": {"ucl_code": "UCL114026", "ucl_name": "Richmond North", "area_sqkm": 5.362}}, {"type": "Feature", "geometry": {"type": "Point", "coordinates": [152.07432008238328, -32.72092738526297]}, "properties": {"ucl_code": "UCL114027", "ucl_name": "Salamander Bay - Soldiers Point", "area_sqkm": 5.57}}, {"type": "Feature", "geometry": {"type": "Point", "coordinates": [150.86818690581612, -32.0420538601889]}, "properties": {"ucl_code": "UCL114028", "ucl_name": "Scone", "area_sqkm": 11.008}}, {"type": "Feature", "geometry": {"type": "Point", "coordinates": [150.61367438456688, -33.89864895840654]}, "properties": {"ucl_code": "UCL114029", "ucl_name": "Silverdale - Warragamba", "area_sqkm": 6.154}}, {"type": "Feature", "geometry": {"type": "Point", "coordinates": [153.05439620408936, -30.896560470663147]}, "properties": {"ucl_code": "UCL114030", "ucl_name": "South West Rocks", "area_sqkm": 12.761}}, {"type": "Feature", "geometry": {"type": "Point", "coordinates": [151.58163062232464, -33.12712883664944]}, "properties": {"ucl_code": "UCL114031", "ucl_name": "Summerland Point - Gwandalan", "area_sqkm": 7.065}}, {"type": "Feature", "geometry": {"type": "Point", "coordinates": [150.58483280849777, -34.221141432846046]}, "properties": {"ucl_code": "UCL114032", "ucl_name": "Tahmoor", "area_sqkm": 4.654}}, {"type": "Feature", "geometry": {"type": "Point", "coordinates": [148.2175371632921, -35.3083393581036]}, "properties": {"ucl_code": "UCL114033", "ucl_name": "Tumut", "area_sqkm": 12.083}}, {"type": "Feature", "geometry": {"type": "Point", "coordinates": [152.73048464747345, -31.468209458975334]}, "properties": {"ucl_code": "UCL114034", "ucl_name": "Wauchope", "area_sqkm": 24.193}}, {"type": "Feature", "geometry": {"type": "Point", "coordinates": [153.19504963992756, -30.115096522572276]}, "properties": {"ucl_code": "UCL114035", "ucl_name": "Woolgoolga", "area_sqkm": 9.102}}, {"type": "Feature", "geometry": {"type": "Point", "coordinates": [153.32111284197535, -29.43376199108729]}, "properties": {"ucl_code": "UCL114036", "ucl_name": "Yamba", "area_sqkm": 8.892}}, {"type": "Feature", "geometry": {"type": "Point", "coordinates": [148.91410709823123, -34.838584039500326]}, "properties": {"ucl_code": "UCL114037", "ucl_name": "Yass", "area_sqkm": 8.158}}, {"type": "Feature", "geometry": {"type": "Point", "coordinates": [148.29392455712258, -34.32251384469072]}, "properties": {"ucl_code": "UCL114038", "ucl_name": "Young", "area_sqkm": 11.484}}, {"type": "Feature", "geometry": {"type": "Point", "coordinates": [150.8961976542173, -32.166907784757]}, "properties": {"ucl_code": "UCL115001", "ucl_name": "Aberdeen", "area_sqkm": 4.683}}, {"type": "Feature", "geometry": {"type": "Point", "coordinates": [152.11007802342732, -32.779313440106556]}, "properties": {"ucl_code": "UCL115002", "ucl_name": "Anna Bay - Boat Harbour", "area_sqkm": 5.965}}, {"type": "Feature", "geometry": {"type": "Point", "coordinates": [150.7887479026764, -34.19822117523641]}, "properties": {"ucl_code": "UCL115003", "ucl_name": "Appin", "area_sqkm": 2.71}}, {"type": "Feature", "geometry": {"type": "Point", "coordinates": [153.1932750177483, -30.063398122951877]}, "properties": {"ucl_code": "UCL115004", "ucl_name": "Arrawarra", "area_sqkm": 7.241}}, {"type": "Feature", "geometry": {"type": "Point", "coordinates": [143.5573659936406, -34.63573668505866]}, "properties": {"ucl_code": "UCL115005", "ucl_name": "Balranald", "area_sqkm": 3.529}}, {"type": "Feature", "geometry": {"type": "Point", "coordinates": [153.52479632418337, -28.685975375151333]}, "properties": {"ucl_code": "UCL115006", "ucl_name": "Bangalow", "area_sqkm": 1.849}}, {"type": "Feature", "geometry": {"type": "Point", "coordinates": [150.57573367025162, -34.291234926374]}, "properties": {"ucl_code": "UCL115007", "ucl_name": "Bargo", "area_sqkm": 4.494}}, {"type": "Feature", "geometry": {"type": "Point", "coordinates": [144.1257493385636, -35.62445868775208]}, "properties": {"ucl_code": "UCL115008", "ucl_name": "Barham - Koondrook (Barham Part)", "area_sqkm": 4.224}}, {"type": "Feature", "geometry": {"type": "Point", "coordinates": [145.68696021950998, -35.908295390038276]}, "properties": {"ucl_code": "UCL115009", "ucl_name": "Barooga", "area_sqkm": 5.693}}, {"type": "Feature", "geometry": {"type": "Point", "coordinates": [150.60519819446716, -30.382170096547902]}, "properties": {"ucl_code": "UCL115010", "ucl_name": "Barraba", "area_sqkm": 2.699}}, {"type": "Feature", "geometry": {"type": "Point", "coordinates": [150.56095841802255, -35.08775441057324]}, "properties": {"ucl_code": "UCL115011", "ucl_name": "Basin View", "area_sqkm": 3.877}}, {"type": "Feature", "geometry": {"type": "Point", "coordinates": [148.15061079837875, -35.52215574108418]}, "properties": {"ucl_code": "UCL115012", "ucl_name": "Batlow", "area_sqkm": 2.862}}, {"type": "Feature", "geometry": {"type": "Point", "coordinates": [149.83755298428983, -36.67866520545028]}, "properties": {"ucl_code": "UCL115013", "ucl_name": "Bega", "area_sqkm": 6.768}}, {"type": "Feature", "geometry": {"type": "Point", "coordinates": [152.9022389404251, -30.44914709939132]}, "properties": {"ucl_code": "UCL115014", "ucl_name": "Bellingen", "area_sqkm": 3.614}}, {"type": "Feature", "geometry": {"type": "Point", "coordinates": [150.0608318668738, -36.432902226272766]}, "properties": {"ucl_code": "UCL115015", "ucl_name": "Bermagui", "area_sqkm": 9.222}}, {"type": "Feature", "geometry": {"type": "Point", "coordinates": [148.83122855073645, -36.3688701236846]}, "properties": {"ucl_code": "UCL115016", "ucl_name": "Berridale", "area_sqkm": 2.264}}, {"type": "Feature", "geometry": {"type": "Point", "coordinates": [150.68057486472935, -34.77238636502059]}, "properties": {"ucl_code": "UCL115017", "ucl_name": "Berry", "area_sqkm": 3.01}}, {"type": "Feature", "geometry": {"type": "Point", "coordinates": [150.56404103778834, -29.869344824507813]}, "properties": {"ucl_code": "UCL115018", "ucl_name": "Bingara", "area_sqkm": 3.926}}, {"type": "Feature", "geometry": {"type": "Point", "coordinates": [150.2901938223336, -33.63050396735738]}, "properties": {"ucl_code": "UCL115019", "ucl_name": "Blackheath", "area_sqkm": 15.956}}, {"type": "Feature", "geometry": {"type": "Point", "coordinates": [149.24857923383337, -33.52920104316455]}, "properties": {"ucl_code": "UCL115020", "ucl_name": "Blayney", "area_sqkm": 5.37}}, {"type": "Feature", "geometry": {"type": "Point", "coordinates": [149.24169310324967, -36.90949607620285]}, "properties": {"ucl_code": "UCL115021", "ucl_name": "Bombala", "area_sqkm": 5.185}}, {"type": "Feature", "geometry": {"type": "Point", "coordinates": [152.83506130912377, -31.588195912430606]}, "properties": {"ucl_code": "UCL115022", "ucl_name": "Bonny Hills", "area_sqkm": 2.749}}, {"type": "Feature", "geometry": {"type": "Point", "coordinates": [148.71702399066328, -34.44410798038065]}, "properties": {"ucl_code": "UCL115023", "ucl_name": "Boorowa", "area_sqkm": 6.08}}, {"type": "Feature", "geometry": {"type": "Point", "coordinates": [145.93888024120918, -30.091841883464916]}, "properties": {"ucl_code": "UCL115024", "ucl_name": "Bourke", "area_sqkm": 6.534}}, {"type": "Feature", "geometry": {"type": "Point", "coordinates": [150.62439378287894, -33.57748762586651]}, "properties": {"ucl_code": "UCL115025", "ucl_name": "Bowen Mountain", "area_sqkm": 0.906}}, {"type": "Feature", "geometry": {"type": "Point", "coordinates": [149.79443642487567, -35.442947693163035]}, "properties": {"ucl_code": "UCL115026", "ucl_name": "Braidwood", "area_sqkm": 4.87}}, {"type": "Feature", "geometry": {"type": "Point", "coordinates": [151.35304782385873, -32.65804031816123]}, "properties": {"ucl_code": "UCL115027", "ucl_name": "Branxton", "area_sqkm": 3.741}}, {"type": "Feature", "geometry": {"type": "Point", "coordinates": [150.1757097450652, -35.84138274159481]}, "properties": {"ucl_code": "UCL115028", "ucl_name": "Broulee - Mossy Point", "area_sqkm": 5.74}}, {"type": "Feature", "geometry": {"type": "Point", "coordinates": [153.54410779110526, -28.55102000681758]}, "properties": {"ucl_code": "UCL115029", "ucl_name": "Brunswick Heads", "area_sqkm": 4.046}}, {"type": "Feature", "geometry": {"type": "Point", "coordinates": [152.20782991760467, -32.4073059958576]}, "properties": {"ucl_code": "UCL115030", "ucl_name": "Bulahdelah", "area_sqkm": 2.582}}, {"type": "Feature", "geometry": {"type": "Point", "coordinates": [150.30112958485356, -34.65924931774016]}, "properties": {"ucl_code": "UCL115031", "ucl_name": "Bundanoon", "area_sqkm": 9.65}}, {"type": "Feature", "geometry": {"type": "Point", "coordinates": [151.15324637551856, -34.086464253100274]}, "properties": {"ucl_code": "UCL115032", "ucl_name": "Bundeena", "area_sqkm": 1.179}}, {"type": "Feature", "geometry": {"type": "Point", "coordinates": [149.44590413074872, -35.25658565326252]}, "properties": {"ucl_code": "UCL115033", "ucl_name": "Bungendore", "area_sqkm": 5.068}}, {"type": "Feature", "geometry": {"type": "Point", "coordinates": [150.5306567875448, -34.25692261294807]}, "properties": {"ucl_code": "UCL115034", "ucl_name": "Buxton (NSW)", "area_sqkm": 1.588}}, {"type": "Feature", "geometry": {"type": "Point", "coordinates": [150.94992579367533, -31.131932813054476]}, "properties": {"ucl_code": "UCL115035", "ucl_name": "Calala", "area_sqkm": 3.227}}, {"type": "Feature", "geometry": {"type": "Point", "coordinates": [150.68944762942152, -35.01338732677064]}, "properties": {"ucl_code": "UCL115036", "ucl_name": "Callala Bay", "area_sqkm": 5.072}}, {"type": "Feature", "geometry": {"type": "Point", "coordinates": [150.55866046572476, -34.82274926394743]}, "properties": {"ucl_code": "UCL115037", "ucl_name": "Cambewarra Village", "area_sqkm": 0.995}}, {"type": "Feature", "geometry": {"type": "Point", "coordinates": [148.66340340801017, -33.56358709564071]}, "properties": {"ucl_code": "UCL115038", "ucl_name": "Canowindra", "area_sqkm": 4.204}}, {"type": "Feature", "geometry": {"type": "Point", "coordinates": [145.83299295361218, -31.49952012610465]}, "properties": {"ucl_code": "UCL115039", "ucl_name": "Cobar", "area_sqkm": 9.589}}, {"type": "Feature", "geometry": {"type": "Point", "coordinates": [150.4804257718647, -34.39780964910169]}, "properties": {"ucl_code": "UCL115040", "ucl_name": "Colo Vale", "area_sqkm": 4.39}}, {"type": "Feature", "geometry": {"type": "Point", "coordinates": [147.14631262621998, -33.08559914382819]}, "properties": {"ucl_code": "UCL115041", "ucl_name": "Condobolin", "area_sqkm": 8.586}}, {"type": "Feature", "geometry": {"type": "Point", "coordinates": [147.2022710736164, -34.815254946170455]}, "properties": {"ucl_code": "UCL115042", "ucl_name": "Coolamon", "area_sqkm": 5.442}}, {"type": "Feature", "geometry": {"type": "Point", "coordinates": [149.27526428147064, -31.27334327052911]}, "properties": {"ucl_code": "UCL115043", "ucl_name": "Coonabarabran", "area_sqkm": 11.022}}, {"type": "Feature", "geometry": {"type": "Point", "coordinates": [148.38365600925917, -30.964325038058035]}, "properties": {"ucl_code": "UCL115044", "ucl_name": "Coonamble", "area_sqkm": 10.173}}, {"type": "Feature", "geometry": {"type": "Point", "coordinates": [153.28624912131954, -28.989107756957964]}, "properties": {"ucl_code": "UCL115045", "ucl_name": "Coraki", "area_sqkm": 3.002}}, {"type": "Feature", "geometry": {"type": "Point", "coordinates": [153.19717287080238, -30.029015477138323]}, "properties": {"ucl_code": "UCL115046", "ucl_name": "Corindi Beach", "area_sqkm": 2.385}}, {"type": "Feature", "geometry": {"type": "Point", "coordinates": [149.46272777572608, -34.46083376395916]}, "properties": {"ucl_code": "UCL115047", "ucl_name": "Crookwell", "area_sqkm": 4.917}}, {"type": "Feature", "geometry": {"type": "Point", "coordinates": [150.76262700733267, -34.9181786278062]}, "properties": {"ucl_code": "UCL115048", "ucl_name": "Culburra Beach - Orient Point", "area_sqkm": 7.057}}, {"type": "Feature", "geometry": {"type": "Point", "coordinates": [147.03987216158063, -35.66508247512225]}, "properties": {"ucl_code": "UCL115049", "ucl_name": "Culcairn", "area_sqkm": 2.533}}, {"type": "Feature", "geometry": {"type": "Point", "coordinates": [153.5336905820228, -28.824590002419185]}, "properties": {"ucl_code": "UCL115050", "ucl_name": "Cumbalum", "area_sqkm": 1.728}}, {"type": "Feature", "geometry": {"type": "Point", "coordinates": [150.11188267249145, -36.16729173434416]}, "properties": {"ucl_code": "UCL115051", "ucl_name": "Dalmeny", "area_sqkm": 5.435}}, {"type": "Feature", "geometry": {"type": "Point", "coordinates": [150.68258930524297, -32.38859425840528]}, "properties": {"ucl_code": "UCL115052", "ucl_name": "Denman", "area_sqkm": 3.254}}, {"type": "Feature", "geometry": {"type": "Point", "coordinates": [152.7102821150354, -30.34242806493659]}, "properties": {"ucl_code": "UCL115053", "ucl_name": "Dorrigo", "area_sqkm": 4.22}}, {"type": "Feature", "geometry": {"type": "Point", "coordinates": [150.7120258422001, -34.1868187742721]}, "properties": {"ucl_code": "UCL115054", "ucl_name": "Douglas Park", "area_sqkm": 5.944}}, {"type": "Feature", "geometry": {"type": "Point", "coordinates": [151.74946317487598, -32.40295128742699]}, "properties": {"ucl_code": "UCL115055", "ucl_name": "Dungog", "area_sqkm": 6.483}}, {"type": "Feature", "geometry": {"type": "Point", "coordinates": [149.90466350954244, -37.05657593486552]}, "properties": {"ucl_code": "UCL115056", "ucl_name": "Eden", "area_sqkm": 8.161}}, {"type": "Feature", "geometry": {"type": "Point", "coordinates": [153.4203034837779, -29.107887449082142]}, "properties": {"ucl_code": "UCL115057", "ucl_name": "Evans Head", "area_sqkm": 9.432}}, {"type": "Feature", "geometry": {"type": "Point", "coordinates": [152.16600255739473, -32.74646340048004]}, "properties": {"ucl_code": "UCL115058", "ucl_name": "Fingal Bay", "area_sqkm": 1.118}}, {"type": "Feature", "geometry": {"type": "Point", "coordinates": [145.5732825849533, -35.64455671100913]}, "properties": {"ucl_code": "UCL115059", "ucl_name": "Finley", "area_sqkm": 5.982}}, {"type": "Feature", "geometry": {"type": "Point", "coordinates": [147.465098867613, -35.156160138908284]}, "properties": {"ucl_code": "UCL115060", "ucl_name": "Forest Hill (NSW)", "area_sqkm": 6.07}}, {"type": "Feature", "geometry": {"type": "Point", "coordinates": [152.87546437433116, -31.03540115236951]}, "properties": {"ucl_code": "UCL115061", "ucl_name": "Frederickton", "area_sqkm": 1.521}}, {"type": "Feature", "geometry": {"type": "Point", "coordinates": [150.7805627398269, -33.565678278265246]}, "properties": {"ucl_code": "UCL115062", "ucl_name": "Freemans Reach", "area_sqkm": 3.714}}, {"type": "Feature", "geometry": {"type": "Point", "coordinates": [151.0422039651557, -33.64981707513829]}, "properties": {"ucl_code": "UCL115063", "ucl_name": "Galston", "area_sqkm": 0.527}}, {"type": "Feature", "geometry": {"type": "Point", "coordinates": [150.82638685524756, -34.742096047435865]}, "properties": {"ucl_code": "UCL115064", "ucl_name": "Gerringong", "area_sqkm": 2.667}}, {"type": "Feature", "geometry": {"type": "Point", "coordinates": [148.6558371856203, -31.70770581944167]}, "properties": {"ucl_code": "UCL115065", "ucl_name": "Gilgandra", "area_sqkm": 10.925}}, {"type": "Feature", "geometry": {"type": "Point", "coordinates": [150.76811733529408, -33.53160606213016]}, "properties": {"ucl_code": "UCL115066", "ucl_name": "Glossodia", "area_sqkm": 8.068}}, {"type": "Feature", "geometry": {"type": "Point", "coordinates": [151.96176062516957, -32.01395968546624]}, "properties": {"ucl_code": "UCL115067", "ucl_name": "Gloucester", "area_sqkm": 5.836}}, {"type": "Feature", "geometry": {"type": "Point", "coordinates": [150.7291508639487, -34.91125878018032]}, "properties": {"ucl_code": "UCL115068", "ucl_name": "Greenwell Point", "area_sqkm": 2.667}}, {"type": "Feature", "geometry": {"type": "Point", "coordinates": [148.15428957061926, -33.895971050342105]}, "properties": {"ucl_code": "UCL115069", "ucl_name": "Grenfell", "area_sqkm": 10.972}}, {"type": "Feature", "geometry": {"type": "Point", "coordinates": [151.3957370820467, -32.67890106011045]}, "properties": {"ucl_code": "UCL115070", "ucl_name": "Greta", "area_sqkm": 5.106}}, {"type": "Feature", "geometry": {"type": "Point", "coordinates": [149.53550356739674, -32.36024866145991]}, "properties": {"ucl_code": "UCL115071", "ucl_name": "Gulgong", "area_sqkm": 4.042}}, {"type": "Feature", "geometry": {"type": "Point", "coordinates": [153.23322990642993, -29.489104615143674]}, "properties": {"ucl_code": "UCL115072", "ucl_name": "Gulmarrad", "area_sqkm": 9.257}}, {"type": "Feature", "geometry": {"type": "Point", "coordinates": [148.1131189271646, -35.067431056436334]}, "properties": {"ucl_code": "UCL115073", "ucl_name": "Gundagai", "area_sqkm": 9.045}}, {"type": "Feature", "geometry": {"type": "Point", "coordinates": [151.67599349561902, -30.22782033364681]}, "properties": {"ucl_code": "UCL115074", "ucl_name": "Guyra", "area_sqkm": 7.724}}, {"type": "Feature", "geometry": {"type": "Point", "coordinates": [152.53328383645385, -32.06892383706965]}, "properties": {"ucl_code": "UCL115075", "ucl_name": "Hallidays Point - Black Head", "area_sqkm": 3.518}}, {"type": "Feature", "geometry": {"type": "Point", "coordinates": [148.3675551389979, -34.558017803303585]}, "properties": {"ucl_code": "UCL115076", "ucl_name": "Harden - Murrumburrah", "area_sqkm": 5.832}}, {"type": "Feature", "geometry": {"type": "Point", "coordinates": [152.65391330100192, -31.877281272927203]}, "properties": {"ucl_code": "UCL115077", "ucl_name": "Harrington", "area_sqkm": 3.193}}, {"type": "Feature", "geometry": {"type": "Point", "coordinates": [152.1758986282439, -32.66315429038758]}, "properties": {"ucl_code": "UCL115078", "ucl_name": "Hawks Nest", "area_sqkm": 13.834}}, {"type": "Feature", "geometry": {"type": "Point", "coordinates": [144.84409096159055, -34.518534309262336]}, "properties": {"ucl_code": "UCL115079", "ucl_name": "Hay", "area_sqkm": 10.731}}, {"type": "Feature", "geometry": {"type": "Point", "coordinates": [150.4935779849439, -34.35333925353467]}, "properties": {"ucl_code": "UCL115080", "ucl_name": "Hill Top", "area_sqkm": 2.263}}, {"type": "Feature", "geometry": {"type": "Point", "coordinates": [145.52786522678758, -33.48786621353777]}, "properties": {"ucl_code": "UCL115081", "ucl_name": "Hillston", "area_sqkm": 6.358}}, {"type": "Feature", "geometry": {"type": "Point", "coordinates": [147.3157578258744, -35.72213715600601]}, "properties": {"ucl_code": "UCL115082", "ucl_name": "Holbrook", "area_sqkm": 3.82}}, {"type": "Feature", "geometry": {"type": "Point", "coordinates": [146.6337493752647, -35.983353201666006]}, "properties": {"ucl_code": "UCL115083", "ucl_name": "Howlong", "area_sqkm": 4.046}}, {"type": "Feature", "geometry": {"type": "Point", "coordinates": [153.34979262702092, -29.406422987297802]}, "properties": {"ucl_code": "UCL115084", "ucl_name": "Iluka", "area_sqkm": 5.566}}, {"type": "Feature", "geometry": {"type": "Point", "coordinates": [150.7744265883042, -34.645048776439424]}, "properties": {"ucl_code": "UCL115085", "ucl_name": "Jamberoo", "area_sqkm": 1.411}}, {"type": "Feature", "geometry": {"type": "Point", "coordinates": [148.61740434298542, -36.418208825369646]}, "properties": {"ucl_code": "UCL115086", "ucl_name": "Jindabyne", "area_sqkm": 2.051}}, {"type": "Feature", "geometry": {"type": "Point", "coordinates": [146.89266738181982, -35.955669964106335]}, "properties": {"ucl_code": "UCL115087", "ucl_name": "Jindera", "area_sqkm": 3.285}}, {"type": "Feature", "geometry": {"type": "Point", "coordinates": [152.923544168734, -29.636695306627686]}, "properties": {"ucl_code": "UCL115088", "ucl_name": "Junction Hill", "area_sqkm": 2.341}}, {"type": "Feature", "geometry": {"type": "Point", "coordinates": [147.56990306887764, -34.86083951516396]}, "properties": {"ucl_code": "UCL115089", "ucl_name": "Junee", "area_sqkm": 20.814}}, {"type": "Feature", "geometry": {"type": "Point", "coordinates": [149.97715680783585, -32.858836692676704]}, "properties": {"ucl_code": "UCL115090", "ucl_name": "Kandos", "area_sqkm": 4.478}}, {"type": "Feature", "geometry": {"type": "Point", "coordinates": [151.9591277833416, -32.65286721341235]}, "properties": {"ucl_code": "UCL115091", "ucl_name": "Karuah", "area_sqkm": 3.04}}, {"type": "Feature", "geometry": {"type": "Point", "coordinates": [151.0548785540809, -31.05456090724445]}, "properties": {"ucl_code": "UCL115092", "ucl_name": "Kootingal", "area_sqkm": 2.216}}, {"type": "Feature", "geometry": {"type": "Point", "coordinates": [150.66757801121153, -33.554166069650464]}, "properties": {"ucl_code": "UCL115093", "ucl_name": "Kurrajong", "area_sqkm": 2.229}}, {"type": "Feature", "geometry": {"type": "Point", "coordinates": [152.99583615436762, -28.622211445825037]}, "properties": {"ucl_code": "UCL115094", "ucl_name": "Kyogle", "area_sqkm": 5.638}}, {"type": "Feature", "geometry": {"type": "Point", "coordinates": [146.37214436073015, -33.29604740343049]}, "properties": {"ucl_code": "UCL115095", "ucl_name": "Lake Cargelligo", "area_sqkm": 6.089}}, {"type": "Feature", "geometry": {"type": "Point", "coordinates": [152.84379128348797, -31.55668533808311]}, "properties": {"ucl_code": "UCL115096", "ucl_name": "Lake Cathie", "area_sqkm": 9.341}}, {"type": "Feature", "geometry": {"type": "Point", "coordinates": [152.03531680983474, -32.73341069673809]}, "properties": {"ucl_code": "UCL115097", "ucl_name": "Lemon Tree Passage", "area_sqkm": 1.819}}, {"type": "Feature", "geometry": {"type": "Point", "coordinates": [147.98168036336364, -29.42809368914679]}, "properties": {"ucl_code": "UCL115098", "ucl_name": "Lightning Ridge", "area_sqkm": 2.927}}, {"type": "Feature", "geometry": {"type": "Point", "coordinates": [152.9156027981109, -30.711313467759375]}, "properties": {"ucl_code": "UCL115099", "ucl_name": "Macksville", "area_sqkm": 11.37}}, {"type": "Feature", "geometry": {"type": "Point", "coordinates": [153.20397574808698, -29.457520142648512]}, "properties": {"ucl_code": "UCL115100", "ucl_name": "Maclean", "area_sqkm": 3.646}}, {"type": "Feature", "geometry": {"type": "Point", "coordinates": [150.2265496551156, -35.78668774603125]}, "properties": {"ucl_code": "UCL115101", "ucl_name": "Malua Bay", "area_sqkm": 4.441}}, {"type": "Feature", "geometry": {"type": "Point", "coordinates": [150.72408574691735, -30.747439888640592]}, "properties": {"ucl_code": "UCL115102", "ucl_name": "Manilla", "area_sqkm": 3.207}}, {"type": "Feature", "geometry": {"type": "Point", "coordinates": [150.36082630131727, -32.140460181751614]}, "properties": {"ucl_code": "UCL115103", "ucl_name": "Merriwa", "area_sqkm": 3.813}}, {"type": "Feature", "geometry": {"type": "Point", "coordinates": [150.43506453926253, -35.31844570971266]}, "properties": {"ucl_code": "UCL115104", "ucl_name": "Milton", "area_sqkm": 3.151}}, {"type": "Feature", "geometry": {"type": "Point", "coordinates": [148.86223919119544, -33.09210878817017]}, "properties": {"ucl_code": "UCL115105", "ucl_name": "Molong", "area_sqkm": 3.834}}, {"type": "Feature", "geometry": {"type": "Point", "coordinates": [150.07347203818028, -35.91392072333591]}, "properties": {"ucl_code": "UCL115106", "ucl_name": "Moruya", "area_sqkm": 6.301}}, {"type": "Feature", "geometry": {"type": "Point", "coordinates": [153.50022886928178, -28.553788984602797]}, "properties": {"ucl_code": "UCL115107", "ucl_name": "Mullumbimby", "area_sqkm": 4.222}}, {"type": "Feature", "geometry": {"type": "Point", "coordinates": [149.00734783530447, -34.972900690306865]}, "properties": {"ucl_code": "UCL115108", "ucl_name": "Murrumbateman", "area_sqkm": 9.022}}, {"type": "Feature", "geometry": {"type": "Point", "coordinates": [150.13169129665562, -36.22091523536799]}, "properties": {"ucl_code": "UCL115109", "ucl_name": "Narooma", "area_sqkm": 8.047}}, {"type": "Feature", "geometry": {"type": "Point", "coordinates": [146.5550655294174, -34.741156802640305]}, "properties": {"ucl_code": "UCL115110", "ucl_name": "Narrandera", "area_sqkm": 7.807}}, {"type": "Feature", "geometry": {"type": "Point", "coordinates": [148.23459416143095, -32.22505745574445]}, "properties": {"ucl_code": "UCL115111", "ucl_name": "Narromine", "area_sqkm": 10.435}}, {"type": "Feature", "geometry": {"type": "Point", "coordinates": [151.35903706704656, -32.67575082322152]}, "properties": {"ucl_code": "UCL115112", "ucl_name": "North Rothbury", "area_sqkm": 3.417}}, {"type": "Feature", "geometry": {"type": "Point", "coordinates": [147.1948040361887, -31.55779002282351]}, "properties": {"ucl_code": "UCL115113", "ucl_name": "Nyngan", "area_sqkm": 11.628}}, {"type": "Feature", "geometry": {"type": "Point", "coordinates": [149.86428577731272, -33.70518114702942]}, "properties": {"ucl_code": "UCL115114", "ucl_name": "Oberon", "area_sqkm": 7.181}}, {"type": "Feature", "geometry": {"type": "Point", "coordinates": [153.5351244141805, -28.518780489904998]}, "properties": {"ucl_code": "UCL115115", "ucl_name": "Ocean Shores", "area_sqkm": 10.512}}, {"type": "Feature", "geometry": {"type": "Point", "coordinates": [152.58915683914134, -31.965550685079073]}, "properties": {"ucl_code": "UCL115116", "ucl_name": "Old Bar", "area_sqkm": 5.343}}, {"type": "Feature", "geometry": {"type": "Point", "coordinates": [150.6474869855202, -35.08862378410113]}, "properties": {"ucl_code": "UCL115117", "ucl_name": "Old Erowal Bay", "area_sqkm": 1.177}}, {"type": "Feature", "geometry": {"type": "Point", "coordinates": [149.8809650237106, -36.92847134904608]}, "properties": {"ucl_code": "UCL115118", "ucl_name": "Pambula", "area_sqkm": 7.593}}, {"type": "Feature", "geometry": {"type": "Point", "coordinates": [150.61118394071437, -34.17584462384673]}, "properties": {"ucl_code": "UCL115119", "ucl_name": "Picton", "area_sqkm": 4.405}}, {"type": "Feature", "geometry": {"type": "Point", "coordinates": [150.86399379426072, -33.57346526278157]}, "properties": {"ucl_code": "UCL115120", "ucl_name": "Pitt Town", "area_sqkm": 5.246}}, {"type": "Feature", "geometry": {"type": "Point", "coordinates": [149.98504256999695, -33.351905101872944]}, "properties": {"ucl_code": "UCL115121", "ucl_name": "Portland (NSW)", "area_sqkm": 4.727}}, {"type": "Feature", "geometry": {"type": "Point", "coordinates": [150.6808364774825, -31.50515675720186]}, "properties": {"ucl_code": "UCL115122", "ucl_name": "Quirindi", "area_sqkm": 9.78}}, {"type": "Feature", "geometry": {"type": "Point", "coordinates": [150.60417381757748, -34.587164706018456]}, "properties": {"ucl_code": "UCL115123", "ucl_name": "Robertson", "area_sqkm": 3.315}}, {"type": "Feature", "geometry": {"type": "Point", "coordinates": [153.19726932774327, -30.156924682548322]}, "properties": {"ucl_code": "UCL115124", "ucl_name": "Sandy Beach - Emerald Beach", "area_sqkm": 7.358}}, {"type": "Feature", "geometry": {"type": "Point", "coordinates": [150.73964812561144, -34.84981896023749]}, "properties": {"ucl_code": "UCL115125", "ucl_name": "Shoalhaven Heads", "area_sqkm": 4.268}}, {"type": "Feature", "geometry": {"type": "Point", "coordinates": [153.6016528735908, -28.827965014732808]}, "properties": {"ucl_code": "UCL115126", "ucl_name": "Skennars Head", "area_sqkm": 0.823}}, {"type": "Feature", "geometry": {"type": "Point", "coordinates": [152.50445402371338, -32.3742487404655]}, "properties": {"ucl_code": "UCL115127", "ucl_name": "Smiths Lake", "area_sqkm": 5.245}}, {"type": "Feature", "geometry": {"type": "Point", "coordinates": [153.54470060048186, -28.496587009817063]}, "properties": {"ucl_code": "UCL115128", "ucl_name": "South Golden Beach", "area_sqkm": 2.503}}, {"type": "Feature", "geometry": {"type": "Point", "coordinates": [150.9801471897282, -34.23960680314947]}, "properties": {"ucl_code": "UCL115129", "ucl_name": "Stanwell Park", "area_sqkm": 3.224}}, {"type": "Feature", "geometry": {"type": "Point", "coordinates": [150.5807808610738, -35.17317127167998]}, "properties": {"ucl_code": "UCL115130", "ucl_name": "Sussex Inlet", "area_sqkm": 10.931}}, {"type": "Feature", "geometry": {"type": "Point", "coordinates": [151.9981703789565, -32.73437927782857]}, "properties": {"ucl_code": "UCL115131", "ucl_name": "Tanilba Bay", "area_sqkm": 3.305}}, {"type": "Feature", "geometry": {"type": "Point", "coordinates": [149.9689721431634, -36.719304724205486]}, "properties": {"ucl_code": "UCL115132", "ucl_name": "Tathra", "area_sqkm": 6.804}}, {"type": "Feature", "geometry": {"type": "Point", "coordinates": [152.14168943766433, -32.66016389650781]}, "properties": {"ucl_code": "UCL115133", "ucl_name": "Tea Gardens", "area_sqkm": 1.982}}, {"type": "Feature", "geometry": {"type": "Point", "coordinates": [147.52636747356524, -34.444117100465604]}, "properties": {"ucl_code": "UCL115134", "ucl_name": "Temora", "area_sqkm": 16.107}}, {"type": "Feature", "geometry": {"type": "Point", "coordinates": [152.02032270819734, -29.051140772090044]}, "properties": {"ucl_code": "UCL115135", "ucl_name": "Tenterfield", "area_sqkm": 7.265}}, {"type": "Feature", "geometry": {"type": "Point", "coordinates": [150.5685276119419, -34.07921873929568]}, "properties": {"ucl_code": "UCL115136", "ucl_name": "The Oaks", "area_sqkm": 1.93}}, {"type": "Feature", "geometry": {"type": "Point", "coordinates": [150.5648813693172, -34.207686574880235]}, "properties": {"ucl_code": "UCL115137", "ucl_name": "Thirlmere", "area_sqkm": 7.31}}, {"type": "Feature", "geometry": {"type": "Point", "coordinates": [152.82634066126315, -31.46331989707999]}, "properties": {"ucl_code": "UCL115138", "ucl_name": "Thrumster", "area_sqkm": 5.906}}, {"type": "Feature", "geometry": {"type": "Point", "coordinates": [145.58167356102695, -35.80791451485093]}, "properties": {"ucl_code": "UCL115139", "ucl_name": "Tocumwal", "area_sqkm": 18.586}}, {"type": "Feature", "geometry": {"type": "Point", "coordinates": [150.18965937967533, -35.82271373098882]}, "properties": {"ucl_code": "UCL115140", "ucl_name": "Tomakin", "area_sqkm": 3.88}}, {"type": "Feature", "geometry": {"type": "Point", "coordinates": [148.00717762820057, -35.77364955115064]}, "properties": {"ucl_code": "UCL115141", "ucl_name": "Tumbarumba", "area_sqkm": 6.264}}, {"type": "Feature", "geometry": {"type": "Point", "coordinates": [150.13411016462265, -36.05273973288131]}, "properties": {"ucl_code": "UCL115142", "ucl_name": "Tuross Head", "area_sqkm": 3.726}}, {"type": "Feature", "geometry": {"type": "Point", "coordinates": [151.49491104910823, -30.644284348627696]}, "properties": {"ucl_code": "UCL115143", "ucl_name": "Uralla", "area_sqkm": 8.233}}, {"type": "Feature", "geometry": {"type": "Point", "coordinates": [153.01538295003485, -30.49766995695652]}, "properties": {"ucl_code": "UCL115144", "ucl_name": "Urunga", "area_sqkm": 5.363}}, {"type": "Feature", "geometry": {"type": "Point", "coordinates": [153.0077702946303, -30.59624296233129]}, "properties": {"ucl_code": "UCL115145", "ucl_name": "Valla Beach", "area_sqkm": 2.184}}, {"type": "Feature", "geometry": {"type": "Point", "coordinates": [150.67213016853998, -35.068383785963164]}, "properties": {"ucl_code": "UCL115146", "ucl_name": "Vincentia", "area_sqkm": 3.342}}, {"type": "Feature", "geometry": {"type": "Point", "coordinates": [150.65332868977043, -35.072356268878394]}, "properties": {"ucl_code": "UCL115147", "ucl_name": "Vincentia West", "area_sqkm": 0.922}}, {"type": "Feature", "geometry": {"type": "Point", "coordinates": [151.5938458480104, -30.983412826101258]}, "properties": {"ucl_code": "UCL115148", "ucl_name": "Walcha", "area_sqkm": 3.671}}, {"type": "Feature", "geometry": {"type": "Point", "coordinates": [148.11722381841503, -30.022611700149582]}, "properties": {"ucl_code": "UCL115149", "ucl_name": "Walgett", "area_sqkm": 5.785}}, {"type": "Feature", "geometry": {"type": "Point", "coordinates": [150.64188875085136, -33.86931826918344]}, "properties": {"ucl_code": "UCL115150", "ucl_name": "Wallacia", "area_sqkm": 1.679}}, {"type": "Feature", "geometry": {"type": "Point", "coordinates": [150.08549777693906, -33.399663211701046]}, "properties": {"ucl_code": "UCL115151", "ucl_name": "Wallerawang", "area_sqkm": 5.576}}, {"type": "Feature", "geometry": {"type": "Point", "coordinates": [150.5732009264865, -29.537515340597125]}, "properties": {"ucl_code": "UCL115152", "ucl_name": "Warialda", "area_sqkm": 3.522}}, {"type": "Feature", "geometry": {"type": "Point", "coordinates": [147.8350067532636, -31.702167274932123]}, "properties": {"ucl_code": "UCL115153", "ucl_name": "Warren", "area_sqkm": 2.981}}, {"type": "Feature", "geometry": {"type": "Point", "coordinates": [149.44565226110308, -30.222547522038234]}, "properties": {"ucl_code": "UCL115154", "ucl_name": "Wee Waa", "area_sqkm": 4.538}}, {"type": "Feature", "geometry": {"type": "Point", "coordinates": [148.95864391737808, -32.55522205252838]}, "properties": {"ucl_code": "UCL115155", "ucl_name": "Wellington", "area_sqkm": 9.329}}, {"type": "Feature", "geometry": {"type": "Point", "coordinates": [141.92121768542174, -34.10124099502309]}, "properties": {"ucl_code": "UCL115156", "ucl_name": "Wentworth", "area_sqkm": 4.605}}, {"type": "Feature", "geometry": {"type": "Point", "coordinates": [150.64155619220418, -31.345621736879963]}, "properties": {"ucl_code": "UCL115157", "ucl_name": "Werris Creek", "area_sqkm": 5.451}}, {"type": "Feature", "geometry": {"type": "Point", "coordinates": [147.2059652506045, -33.91953507694325]}, "properties": {"ucl_code": "UCL115158", "ucl_name": "West Wyalong", "area_sqkm": 8.273}}, {"type": "Feature", "geometry": {"type": "Point", "coordinates": [150.84466320902072, -33.55410744147086]}, "properties": {"ucl_code": "UCL115159", "ucl_name": "Wilberforce", "area_sqkm": 1.728}}, {"type": "Feature", "geometry": {"type": "Point", "coordinates": [150.68652663364975, -34.229542430781486]}, "properties": {"ucl_code": "UCL115160", "ucl_name": "Wilton", "area_sqkm": 2.932}}, {"type": "Feature", "geometry": {"type": "Point", "coordinates": [152.37224607832553, -31.868577818759903]}, "properties": {"ucl_code": "UCL115161", "ucl_name": "Wingham", "area_sqkm": 7.256}}, {"type": "Feature", "geometry": {"type": "Point", "coordinates": [153.42072336899093, -28.824491599836335]}, "properties": {"ucl_code": "UCL115162", "ucl_name": "Wollongbar", "area_sqkm": 2.911}}, {"type": "Feature", "geometry": {"type": "Point", "coordinates": [151.47942198482573, -33.178754478490845]}, "properties": {"ucl_code": "UCL115163", "ucl_name": "Wyee", "area_sqkm": 5.509}}, {"type": "Feature", "geometry": {"type": "Point", "coordinates": [151.52171890126675, -33.14593270611226]}, "properties": {"ucl_code": "UCL115164", "ucl_name": "Wyee Point", "area_sqkm": 0.95}}, {"type": "Feature", "geometry": {"type": "Point", "coordinates": [146.1968505138884, -34.25129390160711]}, "properties": {"ucl_code": "UCL115165", "ucl_name": "Yenda", "area_sqkm": 3.096}}, {"type": "Feature", "geometry": {"type": "Point", "coordinates": [148.0649281605907, -35.309971543368505]}, "properties": {"ucl_code": "UCL121001", "ucl_name": "Adelong (L)", "area_sqkm": 2.627}}, {"type": "Feature", "geometry": {"type": "Point", "coordinates": [149.06021009839247, -30.948603415314516]}, "properties": {"ucl_code": "UCL121002", "ucl_name": "Baradine (L)", "area_sqkm": 3.189}}, {"type": "Feature", "geometry": {"type": "Point", "coordinates": [150.39330111808178, -35.514920923769964]}, "properties": {"ucl_code": "UCL121003", "ucl_name": "Bawley Point (L)", "area_sqkm": 2.293}}, {"type": "Feature", "geometry": {"type": "Point", "coordinates": [152.65860254076324, -31.4450934398304]}, "properties": {"ucl_code": "UCL121004", "ucl_name": "Beechwood (L)", "area_sqkm": 9.918}}, {"type": "Feature", "geometry": {"type": "Point", "coordinates": [150.5401874525329, -34.08327726675404]}, "properties": {"ucl_code": "UCL121005", "ucl_name": "Belimbla Park (L)", "area_sqkm": 3.661}}, {"type": "Feature", "geometry": {"type": "Point", "coordinates": [150.54385741358527, -35.20226376999092]}, "properties": {"ucl_code": "UCL121006", "ucl_name": "Berrara - Cudmirrah (L)", "area_sqkm": 1.354}}, {"type": "Feature", "geometry": {"type": "Point", "coordinates": [145.81910580402632, -35.66589432235162]}, "properties": {"ucl_code": "UCL121007", "ucl_name": "Berrigan (L)", "area_sqkm": 9.195}}, {"type": "Feature", "geometry": {"type": "Point", "coordinates": [150.35713363636944, -28.606280200588277]}, "properties": {"ucl_code": "UCL121008", "ucl_name": "Boggabilla (L)", "area_sqkm": 4.249}}, {"type": "Feature", "geometry": {"type": "Point", "coordinates": [150.04070294536464, -30.711072902687683]}, "properties": {"ucl_code": "UCL121009", "ucl_name": "Boggabri (L)", "area_sqkm": 5.83}}, {"type": "Feature", "geometry": {"type": "Point", "coordinates": [152.5308762647863, -32.349421468756645]}, "properties": {"ucl_code": "UCL121010", "ucl_name": "Boomerang Beach - Blueys Beach (L)", "area_sqkm": 4.759}}, {"type": "Feature", "geometry": {"type": "Point", "coordinates": [152.85315128357814, -30.650282917949404]}, "properties": {"ucl_code": "UCL121011", "ucl_name": "Bowraville (L)", "area_sqkm": 2.229}}, {"type": "Feature", "geometry": {"type": "Point", "coordinates": [151.69853023813602, -32.689779811105694]}, "properties": {"ucl_code": "UCL121012", "ucl_name": "Brandy Hill (L)", "area_sqkm": 6.343}}, {"type": "Feature", "geometry": {"type": "Point", "coordinates": [146.864391163629, -29.964379865923572]}, "properties": {"ucl_code": "UCL121013", "ucl_name": "Brewarrina (L)", "area_sqkm": 4.836}}, {"type": "Feature", "geometry": {"type": "Point", "coordinates": [153.43016703272377, -29.014354493223422]}, "properties": {"ucl_code": "UCL121014", "ucl_name": "Broadwater (L)", "area_sqkm": 0.986}}, {"type": "Feature", "geometry": {"type": "Point", "coordinates": [151.2045143264837, -33.54519231493108]}, "properties": {"ucl_code": "UCL121015", "ucl_name": "Brooklyn (L)", "area_sqkm": 2.158}}, {"type": "Feature", "geometry": {"type": "Point", "coordinates": [153.47269990587802, -28.43847099730022]}, "properties": {"ucl_code": "UCL121016", "ucl_name": "Burringbar (L)", "area_sqkm": 1.739}}, {"type": "Feature", "geometry": {"type": "Point", "coordinates": [151.63093547808484, -33.161890990994266]}, "properties": {"ucl_code": "UCL121017", "ucl_name": "Catherine Hill Bay (L)", "area_sqkm": 0.983}}, {"type": "Feature", "geometry": {"type": "Point", "coordinates": [151.78205086825344, -32.586665272851874]}, "properties": {"ucl_code": "UCL121018", "ucl_name": "Clarence Town (L)", "area_sqkm": 2.489}}, {"type": "Feature", "geometry": {"type": "Point", "coordinates": [149.15217640471684, -33.2454385188023]}, "properties": {"ucl_code": "UCL121019", "ucl_name": "Clifton Grove (L)", "area_sqkm": 13.593}}, {"type": "Feature", "geometry": {"type": "Point", "coordinates": [153.40568534635412, -28.7286154986568]}, "properties": {"ucl_code": "UCL121020", "ucl_name": "Clunes (L) (NSW)", "area_sqkm": 1.003}}, {"type": "Feature", "geometry": {"type": "Point", "coordinates": [145.8910302746064, -34.80047530310458]}, "properties": {"ucl_code": "UCL121021", "ucl_name": "Coleambally (L)", "area_sqkm": 3.286}}, {"type": "Feature", "geometry": {"type": "Point", "coordinates": [149.71441733201527, -31.82485022298298]}, "properties": {"ucl_code": "UCL121022", "ucl_name": "Coolah (L)", "area_sqkm": 2.829}}, {"type": "Feature", "geometry": {"type": "Point", "coordinates": [152.46793839861766, -32.23849542182052]}, "properties": {"ucl_code": "UCL121023", "ucl_name": "Coomba Park (L)", "area_sqkm": 3.027}}, {"type": "Feature", "geometry": {"type": "Point", "coordinates": [152.8995945024098, -29.82422495061433]}, "properties": {"ucl_code": "UCL121024", "ucl_name": "Coutts Crossing (L)", "area_sqkm": 5.036}}, {"type": "Feature", "geometry": {"type": "Point", "coordinates": [151.17123564285313, -33.5912471413516]}, "properties": {"ucl_code": "UCL121025", "ucl_name": "Cowan (L)", "area_sqkm": 0.397}}, {"type": "Feature", "geometry": {"type": "Point", "coordinates": [152.97545134162556, -31.190565329266974]}, "properties": {"ucl_code": "UCL121026", "ucl_name": "Crescent Head (L)", "area_sqkm": 1.161}}, {"type": "Feature", "geometry": {"type": "Point", "coordinates": [153.55843343227338, -28.26220672029134]}, "properties": {"ucl_code": "UCL121027", "ucl_name": "Cudgen (L)", "area_sqkm": 0.382}}, {"type": "Feature", "geometry": {"type": "Point", "coordinates": [150.50551291595923, -35.2618552607309]}, "properties": {"ucl_code": "UCL121028", "ucl_name": "Cunjurong Point - Manyana (L)", "area_sqkm": 2.722}}, {"type": "Feature", "geometry": {"type": "Point", "coordinates": [150.26070879657868, -31.115804540280337]}, "properties": {"ucl_code": "UCL121029", "ucl_name": "Curlewis (L)", "area_sqkm": 4.929}}, {"type": "Feature", "geometry": {"type": "Point", "coordinates": [146.01174514611776, -34.56004072558939]}, "properties": {"ucl_code": "UCL121030", "ucl_name": "Darlington Point (L)", "area_sqkm": 4.348}}, {"type": "Feature", "geometry": {"type": "Point", "coordinates": [152.53346626156667, -32.04049076173174]}, "properties": {"ucl_code": "UCL121031", "ucl_name": "Diamond Beach (L)", "area_sqkm": 4.469}}, {"type": "Feature", "geometry": {"type": "Point", "coordinates": [149.39262836212356, -32.01630964061597]}, "properties": {"ucl_code": "UCL121032", "ucl_name": "Dunedoo (L)", "area_sqkm": 4.219}}, {"type": "Feature", "geometry": {"type": "Point", "coordinates": [153.31537170289312, -28.685869549120124]}, "properties": {"ucl_code": "UCL121033", "ucl_name": "Dunoon (L)", "area_sqkm": 0.586}}, {"type": "Feature", "geometry": {"type": "Point", "coordinates": [148.63516081659492, -36.403802692336235]}, "properties": {"ucl_code": "UCL121034", "ucl_name": "East Jindabyne (L)", "area_sqkm": 8.823}}, {"type": "Feature", "geometry": {"type": "Point", "coordinates": [151.3105409068695, -32.916987324062966]}, "properties": {"ucl_code": "UCL121035", "ucl_name": "Ellalong (L)", "area_sqkm": 1.99}}, {"type": "Feature", "geometry": {"type": "Point", "coordinates": [153.16142431554778, -30.174406959355995]}, "properties": {"ucl_code": "UCL121036", "ucl_name": "Emerald Beach West (L)", "area_sqkm": 7.88}}, {"type": "Feature", "geometry": {"type": "Point", "coordinates": [150.66102532948437, -35.106832249829864]}, "properties": {"ucl_code": "UCL121037", "ucl_name": "Erowal Bay (L)", "area_sqkm": 1.469}}, {"type": "Feature", "geometry": {"type": "Point", "coordinates": [148.3632468911056, -33.42799905912405]}, "properties": {"ucl_code": "UCL121038", "ucl_name": "Eugowra (L)", "area_sqkm": 4.514}}, {"type": "Feature", "geometry": {"type": "Point", "coordinates": [153.56912047167657, -28.650249508075973]}, "properties": {"ucl_code": "UCL121039", "ucl_name": "Ewingsdale (L)", "area_sqkm": 5.324}}, {"type": "Feature", "geometry": {"type": "Point", "coordinates": [148.70916107551457, -32.2910464387635]}, "properties": {"ucl_code": "UCL121040", "ucl_name": "Firgrove (L)", "area_sqkm": 5.133}}, {"type": "Feature", "geometry": {"type": "Point", "coordinates": [147.04196539800103, -34.79515314365425]}, "properties": {"ucl_code": "UCL121041", "ucl_name": "Ganmain (L)", "area_sqkm": 2.668}}, {"type": "Feature", "geometry": {"type": "Point", "coordinates": [150.82061258665982, -34.773859720628714]}, "properties": {"ucl_code": "UCL121042", "ucl_name": "Gerroa (L)", "area_sqkm": 0.988}}, {"type": "Feature", "geometry": {"type": "Point", "coordinates": [151.00843192470217, -33.59913065127957]}, "properties": {"ucl_code": "UCL121043", "ucl_name": "Glenorie (L)", "area_sqkm": 0.423}}, {"type": "Feature", "geometry": {"type": "Point", "coordinates": [152.984874312824, -30.0525902299496]}, "properties": {"ucl_code": "UCL121044", "ucl_name": "Glenreagh (L)", "area_sqkm": 2.182}}, {"type": "Feature", "geometry": {"type": "Point", "coordinates": [152.51897101638602, -32.24847093540096]}, "properties": {"ucl_code": "UCL121045", "ucl_name": "Green Point (L)", "area_sqkm": 0.986}}, {"type": "Feature", "geometry": {"type": "Point", "coordinates": [149.26726580416414, -35.025127846267054]}, "properties": {"ucl_code": "UCL121046", "ucl_name": "Gundaroo (L)", "area_sqkm": 0.894}}, {"type": "Feature", "geometry": {"type": "Point", "coordinates": [149.26567860369522, -34.78270799841301]}, "properties": {"ucl_code": "UCL121047", "ucl_name": "Gunning (L)", "area_sqkm": 1.521}}, {"type": "Feature", "geometry": {"type": "Point", "coordinates": [152.50203392278905, -32.07188443798788]}, "properties": {"ucl_code": "UCL121048", "ucl_name": "Hallidays Point - West (L)", "area_sqkm": 6.151}}, {"type": "Feature", "geometry": {"type": "Point", "coordinates": [146.04574389056327, -34.33150452614238]}, "properties": {"ucl_code": "UCL121049", "ucl_name": "Hanwood (L)", "area_sqkm": 0.617}}, {"type": "Feature", "geometry": {"type": "Point", "coordinates": [153.57632908140414, -28.36465000776301]}, "properties": {"ucl_code": "UCL121050", "ucl_name": "Hastings Point (L)", "area_sqkm": 0.972}}, {"type": "Feature", "geometry": {"type": "Point", "coordinates": [147.03498315918347, -35.519806467965836]}, "properties": {"ucl_code": "UCL121051", "ucl_name": "Henty (L)", "area_sqkm": 3.038}}, {"type": "Feature", "geometry": {"type": "Point", "coordinates": [150.6722851003119, -35.04189728999856]}, "properties": {"ucl_code": "UCL121052", "ucl_name": "Huskisson (L)", "area_sqkm": 1.272}}, {"type": "Feature", "geometry": {"type": "Point", "coordinates": [145.72324456434617, -35.36317869981069]}, "properties": {"ucl_code": "UCL121053", "ucl_name": "Jerilderie (L)", "area_sqkm": 7.856}}, {"type": "Feature", "geometry": {"type": "Point", "coordinates": [151.4066429809402, -33.24036348590863]}, "properties": {"ucl_code": "UCL121054", "ucl_name": "Jilliby (L)", "area_sqkm": 4.532}}, {"type": "Feature", "geometry": {"type": "Point", "coordinates": [149.94096535744848, -36.73303233101478]}, "properties": {"ucl_code": "UCL121055", "ucl_name": "Kalaru (L)", "area_sqkm": 6.788}}, {"type": "Feature", "geometry": {"type": "Point", "coordinates": [152.71482161042798, -31.626569924689143]}, "properties": {"ucl_code": "UCL121056", "ucl_name": "Kendall (L)", "area_sqkm": 3.641}}, {"type": "Feature", "geometry": {"type": "Point", "coordinates": [151.55925688923702, -32.93565915857316]}, "properties": {"ucl_code": "UCL121057", "ucl_name": "Killingworth (L)", "area_sqkm": 0.584}}, {"type": "Feature", "geometry": {"type": "Point", "coordinates": [152.75316319249237, -31.492403437273012]}, "properties": {"ucl_code": "UCL121058", "ucl_name": "King Creek (L)", "area_sqkm": 17.408}}, {"type": "Feature", "geometry": {"type": "Point", "coordinates": [150.4429120713773, -35.37056075594114]}, "properties": {"ucl_code": "UCL121059", "ucl_name": "Kings Point (L)", "area_sqkm": 2.626}}, {"type": "Feature", "geometry": {"type": "Point", "coordinates": [150.90785585144187, -31.163488494420292]}, "properties": {"ucl_code": "UCL121060", "ucl_name": "Kingswood (L)", "area_sqkm": 5.22}}, {"type": "Feature", "geometry": {"type": "Point", "coordinates": [151.36820518183185, -32.87682525971684]}, "properties": {"ucl_code": "UCL121061", "ucl_name": "Kitchener (L)", "area_sqkm": 0.611}}, {"type": "Feature", "geometry": {"type": "Point", "coordinates": [150.6268602265829, -33.525401090662704]}, "properties": {"ucl_code": "UCL121062", "ucl_name": "Kurrajong Heights (L)", "area_sqkm": 1.099}}, {"type": "Feature", "geometry": {"type": "Point", "coordinates": [150.48647771184622, -35.2692310912307]}, "properties": {"ucl_code": "UCL121063", "ucl_name": "Lake Conjola (L)", "area_sqkm": 1.139}}, {"type": "Feature", "geometry": {"type": "Point", "coordinates": [150.40403092753908, -35.43901906374033]}, "properties": {"ucl_code": "UCL121064", "ucl_name": "Lake Tabourie (L)", "area_sqkm": 2.719}}, {"type": "Feature", "geometry": {"type": "Point", "coordinates": [153.10782763213263, -29.490357970561924]}, "properties": {"ucl_code": "UCL121065", "ucl_name": "Lawrence (L)", "area_sqkm": 6.174}}, {"type": "Feature", "geometry": {"type": "Point", "coordinates": [151.4530749147263, -32.70056744575236]}, "properties": {"ucl_code": "UCL121066", "ucl_name": "Lochinvar (L)", "area_sqkm": 1.036}}, {"type": "Feature", "geometry": {"type": "Point", "coordinates": [146.7151155890457, -35.22277160669128]}, "properties": {"ucl_code": "UCL121067", "ucl_name": "Lockhart (L)", "area_sqkm": 2.152}}, {"type": "Feature", "geometry": {"type": "Point", "coordinates": [150.2268314972812, -35.68998223771993]}, "properties": {"ucl_code": "UCL121068", "ucl_name": "Long Beach - Maloneys Beach (L)", "area_sqkm": 10.551}}, {"type": "Feature", "geometry": {"type": "Point", "coordinates": [151.55209990566465, -32.775631945505644]}, "properties": {"ucl_code": "UCL121069", "ucl_name": "Louth Park (L)", "area_sqkm": 2.399}}, {"type": "Feature", "geometry": {"type": "Point", "coordinates": [151.13125942602272, -34.08018481558574]}, "properties": {"ucl_code": "UCL121070", "ucl_name": "Maianbar (L)", "area_sqkm": 0.293}}, {"type": "Feature", "geometry": {"type": "Point", "coordinates": [148.69290442432398, -33.18112660031075]}, "properties": {"ucl_code": "UCL121071", "ucl_name": "Manildra (L)", "area_sqkm": 2.583}}, {"type": "Feature", "geometry": {"type": "Point", "coordinates": [150.00285484288665, -34.711132607897184]}, "properties": {"ucl_code": "UCL121072", "ucl_name": "Marulan (L)", "area_sqkm": 2.739}}, {"type": "Feature", "geometry": {"type": "Point", "coordinates": [144.90079297308557, -35.81325854044722]}, "properties": {"ucl_code": "UCL121073", "ucl_name": "Mathoura (L)", "area_sqkm": 2.391}}, {"type": "Feature", "geometry": {"type": "Point", "coordinates": [150.2835803471894, -33.67934934655236]}, "properties": {"ucl_code": "UCL121074", "ucl_name": "Medlow Bath (L)", "area_sqkm": 3.106}}, {"type": "Feature", "geometry": {"type": "Point", "coordinates": [150.73983701089026, -34.13026356510793]}, "properties": {"ucl_code": "UCL121075", "ucl_name": "Menangle (L)", "area_sqkm": 0.299}}, {"type": "Feature", "geometry": {"type": "Point", "coordinates": [151.2631323228843, -32.89158697412344]}, "properties": {"ucl_code": "UCL121076", "ucl_name": "Millfield (L)", "area_sqkm": 1.534}}, {"type": "Feature", "geometry": {"type": "Point", "coordinates": [149.1845586241485, -33.44546212793881]}, "properties": {"ucl_code": "UCL121077", "ucl_name": "Millthorpe (L)", "area_sqkm": 0.9}}, {"type": "Feature", "geometry": {"type": "Point", "coordinates": [151.6125851604267, -32.883559137207364]}, "properties": {"ucl_code": "UCL121078", "ucl_name": "Minmi (L)", "area_sqkm": 2.442}}, {"type": "Feature", "geometry": {"type": "Point", "coordinates": [153.3010246233052, -28.71642097882433]}, "properties": {"ucl_code": "UCL121079", "ucl_name": "Modanville (L)", "area_sqkm": 2.325}}, {"type": "Feature", "geometry": {"type": "Point", "coordinates": [153.1538688705034, -30.20415347958461]}, "properties": {"ucl_code": "UCL121080", "ucl_name": "Moonee Beach (L)", "area_sqkm": 3.539}}, {"type": "Feature", "geometry": {"type": "Point", "coordinates": [153.13823909028798, -30.194381497433593]}, "properties": {"ucl_code": "UCL121081", "ucl_name": "Moonee Beach West (L)", "area_sqkm": 7.411}}, {"type": "Feature", "geometry": {"type": "Point", "coordinates": [150.14090646897307, -35.929890235035444]}, "properties": {"ucl_code": "UCL121082", "ucl_name": "Moruya Heads (L)", "area_sqkm": 12.376}}, {"type": "Feature", "geometry": {"type": "Point", "coordinates": [150.2458685649075, -33.58484979188117]}, "properties": {"ucl_code": "UCL121083", "ucl_name": "Mount Victoria (L)", "area_sqkm": 2.13}}, {"type": "Feature", "geometry": {"type": "Point", "coordinates": [150.6529795293102, -33.84045820605644]}, "properties": {"ucl_code": "UCL121084", "ucl_name": "Mulgoa (L)", "area_sqkm": 1.636}}, {"type": "Feature", "geometry": {"type": "Point", "coordinates": [151.61677899960983, -33.11753435439332]}, "properties": {"ucl_code": "UCL121085", "ucl_name": "Murrays Beach (L)", "area_sqkm": 1.14}}, {"type": "Feature", "geometry": {"type": "Point", "coordinates": [150.83218385261893, -31.762966882395645]}, "properties": {"ucl_code": "UCL121086", "ucl_name": "Murrurundi (L)", "area_sqkm": 2.431}}, {"type": "Feature", "geometry": {"type": "Point", "coordinates": [152.3869911515618, -32.098517715698016]}, "properties": {"ucl_code": "UCL121087", "ucl_name": "Nabiac (L)", "area_sqkm": 2.03}}, {"type": "Feature", "geometry": {"type": "Point", "coordinates": [150.33276894871108, -34.50627878498069]}, "properties": {"ucl_code": "UCL121088", "ucl_name": "New Berrima (L)", "area_sqkm": 3.385}}, {"type": "Feature", "geometry": {"type": "Point", "coordinates": [151.6062933332026, -33.13612583872144]}, "properties": {"ucl_code": "UCL121089", "ucl_name": "Nords Wharf (L)", "area_sqkm": 1.196}}, {"type": "Feature", "geometry": {"type": "Point", "coordinates": [150.55419751875397, -34.910730768858215]}, "properties": {"ucl_code": "UCL121090", "ucl_name": "Nowra Hill (L)", "area_sqkm": 6.63}}, {"type": "Feature", "geometry": {"type": "Point", "coordinates": [153.459574618705, -28.32234499734593]}, "properties": {"ucl_code": "UCL121091", "ucl_name": "Nunderi (L)", "area_sqkm": 3.827}}, {"type": "Feature", "geometry": {"type": "Point", "coordinates": [150.49697216405664, -34.07477497433753]}, "properties": {"ucl_code": "UCL121092", "ucl_name": "Oakdale (L)", "area_sqkm": 5.577}}, {"type": "Feature", "geometry": {"type": "Point", "coordinates": [151.29011249287709, -32.90134031360924]}, "properties": {"ucl_code": "UCL121093", "ucl_name": "Paxton (L)", "area_sqkm": 1.511}}, {"type": "Feature", "geometry": {"type": "Point", "coordinates": [148.1855211802162, -32.728120069810274]}, "properties": {"ucl_code": "UCL121094", "ucl_name": "Peak Hill (L)", "area_sqkm": 3.644}}, {"type": "Feature", "geometry": {"type": "Point", "coordinates": [149.5952267068514, -32.571836660346435]}, "properties": {"ucl_code": "UCL121095", "ucl_name": "Putta Bucca - Bombira (L)", "area_sqkm": 11.397}}, {"type": "Feature", "geometry": {"type": "Point", "coordinates": [152.53468736439282, -32.057207297394996]}, "properties": {"ucl_code": "UCL121096", "ucl_name": "Red Head (L)", "area_sqkm": 2.554}}, {"type": "Feature", "geometry": {"type": "Point", "coordinates": [153.03743388765253, -30.4415524673815]}, "properties": {"ucl_code": "UCL121097", "ucl_name": "Repton (L)", "area_sqkm": 8.942}}, {"type": "Feature", "geometry": {"type": "Point", "coordinates": [153.34366220706195, -28.79070463911017]}, "properties": {"ucl_code": "UCL121098", "ucl_name": "Richmond Hill (L)", "area_sqkm": 6.627}}, {"type": "Feature", "geometry": {"type": "Point", "coordinates": [149.97129594535392, -32.79990275126039]}, "properties": {"ucl_code": "UCL121099", "ucl_name": "Rylstone (L)", "area_sqkm": 2.055}}, {"type": "Feature", "geometry": {"type": "Point", "coordinates": [153.1945664646525, -30.096248607382407]}, "properties": {"ucl_code": "UCL121100", "ucl_name": "Safety Beach (L)", "area_sqkm": 2.192}}, {"type": "Feature", "geometry": {"type": "Point", "coordinates": [151.906403065949, -32.782775887645144]}, "properties": {"ucl_code": "UCL121101", "ucl_name": "Salt Ash (L)", "area_sqkm": 18.706}}, {"type": "Feature", "geometry": {"type": "Point", "coordinates": [152.99325702123974, -30.74838747202127]}, "properties": {"ucl_code": "UCL121102", "ucl_name": "Scotts Head (L)", "area_sqkm": 1.285}}, {"type": "Feature", "geometry": {"type": "Point", "coordinates": [152.94508574426214, -31.018925939216565]}, "properties": {"ucl_code": "UCL121103", "ucl_name": "Smithtown - Gladstone (L)", "area_sqkm": 3.085}}, {"type": "Feature", "geometry": {"type": "Point", "coordinates": [151.96736578834322, -32.40377096836801]}, "properties": {"ucl_code": "UCL121104", "ucl_name": "Stroud (L)", "area_sqkm": 3.037}}, {"type": "Feature", "geometry": {"type": "Point", "coordinates": [152.99298813415453, -30.822591017255036]}, "properties": {"ucl_code": "UCL121105", "ucl_name": "Stuarts Point (L)", "area_sqkm": 0.687}}, {"type": "Feature", "geometry": {"type": "Point", "coordinates": [152.51026550714477, -32.055388927536875]}, "properties": {"ucl_code": "UCL121106", "ucl_name": "Tallwoods Village (L)", "area_sqkm": 2.439}}, {"type": "Feature", "geometry": {"type": "Point", "coordinates": [147.1141820497981, -35.26955448328512]}, "properties": {"ucl_code": "UCL121107", "ucl_name": "The Rock (L)", "area_sqkm": 4.635}}, {"type": "Feature", "geometry": {"type": "Point", "coordinates": [152.41429779451153, -31.935956423859743]}, "properties": {"ucl_code": "UCL121108", "ucl_name": "Tinonee (L)", "area_sqkm": 0.954}}, {"type": "Feature", "geometry": {"type": "Point", "coordinates": [153.5132850997071, -28.800745749472345]}, "properties": {"ucl_code": "UCL121109", "ucl_name": "Tintenbar (L)", "area_sqkm": 6.205}}, {"type": "Feature", "geometry": {"type": "Point", "coordinates": [153.2215629433772, -29.463404975136143]}, "properties": {"ucl_code": "UCL121110", "ucl_name": "Townsend (L)", "area_sqkm": 3.22}}, {"type": "Feature", "geometry": {"type": "Point", "coordinates": [147.98155658749369, -32.034400173258675]}, "properties": {"ucl_code": "UCL121111", "ucl_name": "Trangie (L)", "area_sqkm": 1.977}}, {"type": "Feature", "geometry": {"type": "Point", "coordinates": [147.24610172410416, -35.19225410751837]}, "properties": {"ucl_code": "UCL121112", "ucl_name": "Uranquinty (L)", "area_sqkm": 1.229}}, {"type": "Feature", "geometry": {"type": "Point", "coordinates": [146.90003889581308, -35.762830199259724]}, "properties": {"ucl_code": "UCL121113", "ucl_name": "Walla Walla (L)", "area_sqkm": 1.33}}, {"type": "Feature", "geometry": {"type": "Point", "coordinates": [152.56708809917706, -31.992307428546457]}, "properties": {"ucl_code": "UCL121114", "ucl_name": "Wallabi Point (L)", "area_sqkm": 0.395}}, {"type": "Feature", "geometry": {"type": "Point", "coordinates": [150.07447077013387, -36.374751105459666]}, "properties": {"ucl_code": "UCL121115", "ucl_name": "Wallaga Lake (L)", "area_sqkm": 4.889}}, {"type": "Feature", "geometry": {"type": "Point", "coordinates": [151.65601540423103, -32.689584074331044]}, "properties": {"ucl_code": "UCL121116", "ucl_name": "Wallalong (L)", "area_sqkm": 2.056}}, {"type": "Feature", "geometry": {"type": "Point", "coordinates": [153.46668641536536, -28.952641876213562]}, "properties": {"ucl_code": "UCL121117", "ucl_name": "Wardell (L)", "area_sqkm": 1.491}}, {"type": "Feature", "geometry": {"type": "Point", "coordinates": [150.993150209791, -34.13175195373226]}, "properties": {"ucl_code": "UCL121118", "ucl_name": "Waterfall (L)", "area_sqkm": 0.385}}, {"type": "Feature", "geometry": {"type": "Point", "coordinates": [152.8723813487967, -29.664870866731356]}, "properties": {"ucl_code": "UCL121119", "ucl_name": "Waterview Heights (L)", "area_sqkm": 6.656}}, {"type": "Feature", "geometry": {"type": "Point", "coordinates": [143.37343451512254, -31.55834109333887]}, "properties": {"ucl_code": "UCL121120", "ucl_name": "Wilcannia (L)", "area_sqkm": 2.796}}, {"type": "Feature", "geometry": {"type": "Point", "coordinates": [150.16052368147027, -34.69379861078271]}, "properties": {"ucl_code": "UCL121121", "ucl_name": "Wingello (L)", "area_sqkm": 3.262}}, {"type": "Feature", "geometry": {"type": "Point", "coordinates": [148.76570475156225, -32.33161809382443]}, "properties": {"ucl_code": "UCL121122", "ucl_name": "Wongarbon (L)", "area_sqkm": 4.885}}, {"type": "Feature", "geometry": {"type": "Point", "coordinates": [153.34122088088736, -29.07439098905584]}, "properties": {"ucl_code": "UCL121123", "ucl_name": "Woodburn (L)", "area_sqkm": 1.752}}, {"type": "Feature", "geometry": {"type": "Point", "coordinates": [153.26547623368782, -29.862307487459056]}, "properties": {"ucl_code": "UCL121124", "ucl_name": "Wooli (L)", "area_sqkm": 2.108}}, {"type": "Feature", "geometry": {"type": "Point", "coordinates": [153.27234781011055, -29.35825598288441]}, "properties": {"ucl_code": "UCL121125", "ucl_name": "Woombah (L)", "area_sqkm": 4.904}}, {"type": "Feature", "geometry": {"type": "Point", "coordinates": [153.01716279135212, -28.861956105399784]}, "properties": {"ucl_code": "UCL121126", "ucl_name": "Wooroowoolgan (L)", "area_sqkm": 0.606}}, {"type": "Feature", "geometry": {"type": "Point", "coordinates": [150.5711862084022, -34.319737341801115]}, "properties": {"ucl_code": "UCL121127", "ucl_name": "Yanderra (L)", "area_sqkm": 2.743}}, {"type": "Feature", "geometry": {"type": "Point", "coordinates": [150.54070289095225, -34.36648925376069]}, "properties": {"ucl_code": "UCL121128", "ucl_name": "Yerrinbool (L)", "area_sqkm": 1.048}}, {"type": "Feature", "geometry": {"type": "Point", "coordinates": [151.39615374673747, -32.88034486218767]}, "properties": {"ucl_code": "UCL122001", "ucl_name": "Abernethy (L)", "area_sqkm": 0.27}}, {"type": "Feature", "geometry": {"type": "Point", "coordinates": [148.77267927351886, -35.994991170791636]}, "properties": {"ucl_code": "UCL122002", "ucl_name": "Adaminaby (L)", "area_sqkm": 2.023}}, {"type": "Feature", "geometry": {"type": "Point", "coordinates": [150.7149612905634, -33.61255978895473]}, "properties": {"ucl_code": "UCL122003", "ucl_name": "Agnes Banks (L)", "area_sqkm": 0.508}}, {"type": "Feature", "geometry": {"type": "Point", "coordinates": [146.89618422852757, -34.35505640028886]}, "properties": {"ucl_code": "UCL122005", "ucl_name": "Ardlethan (L)", "area_sqkm": 1.687}}, {"type": "Feature", "geometry": {"type": "Point", "coordinates": [147.2178538762817, -34.344143219512674]}, "properties": {"ucl_code": "UCL122006", "ucl_name": "Ariah Park (L)", "area_sqkm": 1.332}}, {"type": "Feature", "geometry": {"type": "Point", "coordinates": [151.09422749501982, -29.318856662799497]}, "properties": {"ucl_code": "UCL122007", "ucl_name": "Ashford (L)", "area_sqkm": 3.736}}, {"type": "Feature", "geometry": {"type": "Point", "coordinates": [149.806028800746, -29.315001316992262]}, "properties": {"ucl_code": "UCL122008", "ucl_name": "Ashley (L)", "area_sqkm": 1.05}}, {"type": "Feature", "geometry": {"type": "Point", "coordinates": [150.84264611860294, -30.928565261692658]}, "properties": {"ucl_code": "UCL122009", "ucl_name": "Attunga (L)", "area_sqkm": 0.541}}, {"type": "Feature", "geometry": {"type": "Point", "coordinates": [151.5421925046853, -33.01201888155584]}, "properties": {"ucl_code": "UCL122010", "ucl_name": "Awaba (L)", "area_sqkm": 0.994}}, {"type": "Feature", "geometry": {"type": "Point", "coordinates": [150.52187241282166, -34.309795871056224]}, "properties": {"ucl_code": "UCL122011", "ucl_name": "Balmoral (L)", "area_sqkm": 2.332}}, {"type": "Feature", "geometry": {"type": "Point", "coordinates": [146.57268282084317, -34.28749212966105]}, "properties": {"ucl_code": "UCL122012", "ucl_name": "Barellan (L)", "area_sqkm": 1.145}}, {"type": "Feature", "geometry": {"type": "Point", "coordinates": [147.38726072967978, -34.14715636630447]}, "properties": {"ucl_code": "UCL122013", "ucl_name": "Barmedman (L)", "area_sqkm": 1.066}}, {"type": "Feature", "geometry": {"type": "Point", "coordinates": [149.57039964407232, -36.62607632278247]}, "properties": {"ucl_code": "UCL122014", "ucl_name": "Bemboka (L)", "area_sqkm": 2.443}}, {"type": "Feature", "geometry": {"type": "Point", "coordinates": [150.3385174285258, -34.48840377084646]}, "properties": {"ucl_code": "UCL122015", "ucl_name": "Berrima (L)", "area_sqkm": 0.911}}, {"type": "Feature", "geometry": {"type": "Point", "coordinates": [146.13909720453861, -34.270772472205124]}, "properties": {"ucl_code": "UCL122016", "ucl_name": "Bilbul (L)", "area_sqkm": 0.599}}, {"type": "Feature", "geometry": {"type": "Point", "coordinates": [148.6372534235823, -34.67653512036204]}, "properties": {"ucl_code": "UCL122017", "ucl_name": "Binalong (L)", "area_sqkm": 2.099}}, {"type": "Feature", "geometry": {"type": "Point", "coordinates": [149.38516217944425, -31.550386375738583]}, "properties": {"ucl_code": "UCL122018", "ucl_name": "Binnaway (L)", "area_sqkm": 2.738}}, {"type": "Feature", "geometry": {"type": "Point", "coordinates": [150.05055580036907, -36.091875496453284]}, "properties": {"ucl_code": "UCL122019", "ucl_name": "Bodalla (L)", "area_sqkm": 1.024}}, {"type": "Feature", "geometry": {"type": "Point", "coordinates": [152.61873877170285, -28.735589769731533]}, "properties": {"ucl_code": "UCL122020", "ucl_name": "Bonalbo (L)", "area_sqkm": 0.642}}, {"type": "Feature", "geometry": {"type": "Point", "coordinates": [153.04530497300294, -30.38209666833022]}, "properties": {"ucl_code": "UCL122022", "ucl_name": "Bonville - East (L)", "area_sqkm": 7.18}}, {"type": "Feature", "geometry": {"type": "Point", "coordinates": [153.02323272272082, -30.37013663789251]}, "properties": {"ucl_code": "UCL122023", "ucl_name": "Bonville (L)", "area_sqkm": 1.51}}, {"type": "Feature", "geometry": {"type": "Point", "coordinates": [148.81224175027427, -34.76676617142597]}, "properties": {"ucl_code": "UCL122024", "ucl_name": "Bowning (L)", "area_sqkm": 2.051}}, {"type": "Feature", "geometry": {"type": "Point", "coordinates": [149.14176896691282, -35.957009386020005]}, "properties": {"ucl_code": "UCL122025", "ucl_name": "Bredbo (L)", "area_sqkm": 1.716}}, {"type": "Feature", "geometry": {"type": "Point", "coordinates": [151.1044277393603, -32.74712539913091]}, "properties": {"ucl_code": "UCL122026", "ucl_name": "Broke (L)", "area_sqkm": 0.641}}, {"type": "Feature", "geometry": {"type": "Point", "coordinates": [153.33603319174412, -29.607288582964514]}, "properties": {"ucl_code": "UCL122027", "ucl_name": "Brooms Head (L)", "area_sqkm": 0.587}}, {"type": "Feature", "geometry": {"type": "Point", "coordinates": [151.07698012354712, -30.170556286062542]}, "properties": {"ucl_code": "UCL122028", "ucl_name": "Bundarra (L)", "area_sqkm": 9.407}}, {"type": "Feature", "geometry": {"type": "Point", "coordinates": [150.51715835203902, -34.59389175364189]}, "properties": {"ucl_code": "UCL122029", "ucl_name": "Burrawang (L)", "area_sqkm": 0.806}}, {"type": "Feature", "geometry": {"type": "Point", "coordinates": [149.6955398650892, -36.76633454459855]}, "properties": {"ucl_code": "UCL122030", "ucl_name": "Candelo (L)", "area_sqkm": 0.917}}, {"type": "Feature", "geometry": {"type": "Point", "coordinates": [153.21208762293332, -28.824582553741756]}, "properties": {"ucl_code": "UCL122031", "ucl_name": "Caniaba (L)", "area_sqkm": 0.425}}, {"type": "Feature", "geometry": {"type": "Point", "coordinates": [149.44987306750636, -35.587644980111484]}, "properties": {"ucl_code": "UCL122032", "ucl_name": "Captains Flat (L)", "area_sqkm": 1.184}}, {"type": "Feature", "geometry": {"type": "Point", "coordinates": [148.81045889479535, -33.42506260572918]}, "properties": {"ucl_code": "UCL122033", "ucl_name": "Cargo (L)", "area_sqkm": 1.075}}, {"type": "Feature", "geometry": {"type": "Point", "coordinates": [152.96712030132096, -29.72213051128693]}, "properties": {"ucl_code": "UCL122034", "ucl_name": "Clarenza (L)", "area_sqkm": 0.449}}, {"type": "Feature", "geometry": {"type": "Point", "coordinates": [149.88959846210952, -36.3910009235111]}, "properties": {"ucl_code": "UCL122035", "ucl_name": "Cobargo (L)", "area_sqkm": 1.626}}, {"type": "Feature", "geometry": {"type": "Point", "coordinates": [148.58287301110875, -29.532082808918407]}, "properties": {"ucl_code": "UCL122036", "ucl_name": "Collarenebri (L)", "area_sqkm": 3.768}}, {"type": "Feature", "geometry": {"type": "Point", "coordinates": [149.43161953662008, -34.914873658715194]}, "properties": {"ucl_code": "UCL122037", "ucl_name": "Collector (L)", "area_sqkm": 0.689}}, {"type": "Feature", "geometry": {"type": "Point", "coordinates": [150.43554942178542, -35.2593320856827]}, "properties": {"ucl_code": "UCL122038", "ucl_name": "Conjola Park (L)", "area_sqkm": 1.035}}, {"type": "Feature", "geometry": {"type": "Point", "coordinates": [152.6148413343201, -31.82336165732977]}, "properties": {"ucl_code": "UCL122039", "ucl_name": "Coopernook (L)", "area_sqkm": 0.603}}, {"type": "Feature", "geometry": {"type": "Point", "coordinates": [152.7787204879246, -29.585175827344507]}, "properties": {"ucl_code": "UCL122040", "ucl_name": "Copmanhurst (L)", "area_sqkm": 1.828}}, {"type": "Feature", "geometry": {"type": "Point", "coordinates": [153.01810955658001, -30.22291978031442]}, "properties": {"ucl_code": "UCL122041", "ucl_name": "Coramba (L)", "area_sqkm": 1.145}}, {"type": "Feature", "geometry": {"type": "Point", "coordinates": [150.55314581900046, -34.23518252452284]}, "properties": {"ucl_code": "UCL122042", "ucl_name": "Couridjah (L)", "area_sqkm": 2.815}}, {"type": "Feature", "geometry": {"type": "Point", "coordinates": [148.7417072100469, -33.28697775445849]}, "properties": {"ucl_code": "UCL122043", "ucl_name": "Cudal (L)", "area_sqkm": 0.97}}, {"type": "Feature", "geometry": {"type": "Point", "coordinates": [148.7494019043273, -32.92727509256484]}, "properties": {"ucl_code": "UCL122045", "ucl_name": "Cumnock (L)", "area_sqkm": 1.826}}, {"type": "Feature", "geometry": {"type": "Point", "coordinates": [150.82110215350838, -35.015051283322535]}, "properties": {"ucl_code": "UCL122046", "ucl_name": "Currarong (L)", "area_sqkm": 0.964}}, {"type": "Feature", "geometry": {"type": "Point", "coordinates": [151.2394086606737, -33.53952433201181]}, "properties": {"ucl_code": "UCL122047", "ucl_name": "Dangar Island (L)", "area_sqkm": 0.316}}, {"type": "Feature", "geometry": {"type": "Point", "coordinates": [142.03165707258103, -34.098227126851256]}, "properties": {"ucl_code": "UCL122048", "ucl_name": "Dareton (L)", "area_sqkm": 2.447}}, {"type": "Feature", "geometry": {"type": "Point", "coordinates": [151.84514865253266, -29.441754078955345]}, "properties": {"ucl_code": "UCL122049", "ucl_name": "Deepwater (L)", "area_sqkm": 1.346}}, {"type": "Feature", "geometry": {"type": "Point", "coordinates": [148.9439628289591, -37.044375345823624]}, "properties": {"ucl_code": "UCL122050", "ucl_name": "Delegate (L)", "area_sqkm": 1.73}}, {"type": "Feature", "geometry": {"type": "Point", "coordinates": [150.82924715573057, -29.652710565293965]}, "properties": {"ucl_code": "UCL122051", "ucl_name": "Delungra (L)", "area_sqkm": 0.897}}, {"type": "Feature", "geometry": {"type": "Point", "coordinates": [152.51929688693178, -32.314790962361975]}, "properties": {"ucl_code": "UCL122052", "ucl_name": "Elizabeth Beach (L)", "area_sqkm": 4.84}}, {"type": "Feature", "geometry": {"type": "Point", "coordinates": [151.5909825967699, -29.44652722035533]}, "properties": {"ucl_code": "UCL122053", "ucl_name": "Emmaville (L)", "area_sqkm": 5.617}}, {"type": "Feature", "geometry": {"type": "Point", "coordinates": [142.73992069244662, -34.57750898055971]}, "properties": {"ucl_code": "UCL122054", "ucl_name": "Euston (L)", "area_sqkm": 1.459}}, {"type": "Feature", "geometry": {"type": "Point", "coordinates": [150.3127519634485, -34.61178871053592]}, "properties": {"ucl_code": "UCL122055", "ucl_name": "Exeter (L) (NSW)", "area_sqkm": 1.248}}, {"type": "Feature", "geometry": {"type": "Point", "coordinates": [153.00235684482897, -28.7915949570074]}, "properties": {"ucl_code": "UCL122056", "ucl_name": "Fairy Hill (L)", "area_sqkm": 2.771}}, {"type": "Feature", "geometry": {"type": "Point", "coordinates": [150.5863679867026, -34.994618597216935]}, "properties": {"ucl_code": "UCL122057", "ucl_name": "Falls Creek (L) (NSW)", "area_sqkm": 2.026}}, {"type": "Feature", "geometry": {"type": "Point", "coordinates": [150.44529371179152, -35.229214251429084]}, "properties": {"ucl_code": "UCL122058", "ucl_name": "Fishermans Paradise (L)", "area_sqkm": 0.993}}, {"type": "Feature", "geometry": {"type": "Point", "coordinates": [148.8273717683598, -32.39750059478972]}, "properties": {"ucl_code": "UCL122059", "ucl_name": "Geurie (L)", "area_sqkm": 1.698}}, {"type": "Feature", "geometry": {"type": "Point", "coordinates": [151.12300364914793, -29.855870989626325]}, "properties": {"ucl_code": "UCL122060", "ucl_name": "Gilgai (L)", "area_sqkm": 4.711}}, {"type": "Feature", "geometry": {"type": "Point", "coordinates": [145.71007830978866, -33.97790138367987]}, "properties": {"ucl_code": "UCL122062", "ucl_name": "Goolgowi (L)", "area_sqkm": 5.035}}, {"type": "Feature", "geometry": {"type": "Point", "coordinates": [151.54308365007137, -32.42879510278358]}, "properties": {"ucl_code": "UCL122063", "ucl_name": "Gresford (L)", "area_sqkm": 1.026}}, {"type": "Feature", "geometry": {"type": "Point", "coordinates": [148.4686396723952, -31.34212003216518]}, "properties": {"ucl_code": "UCL122064", "ucl_name": "Gulargambone (L)", "area_sqkm": 5.422}}, {"type": "Feature", "geometry": {"type": "Point", "coordinates": [153.05132239988347, -31.055226789660487]}, "properties": {"ucl_code": "UCL122065", "ucl_name": "Hat Head (L)", "area_sqkm": 1.202}}, {"type": "Feature", "geometry": {"type": "Point", "coordinates": [151.653202688134, -32.72156385972778]}, "properties": {"ucl_code": "UCL122066", "ucl_name": "Hinton (L)", "area_sqkm": 1.476}}, {"type": "Feature", "geometry": {"type": "Point", "coordinates": [153.002248829556, -30.612187977307258]}, "properties": {"ucl_code": "UCL122067", "ucl_name": "Hyland Park (L)", "area_sqkm": 0.445}}, {"type": "Feature", "geometry": {"type": "Point", "coordinates": [150.52927451088664, -34.73480880958145]}, "properties": {"ucl_code": "UCL122069", "ucl_name": "Kangaroo Valley (L)", "area_sqkm": 1.117}}, {"type": "Feature", "geometry": {"type": "Point", "coordinates": [151.0039768843213, -33.663479781099795]}, "properties": {"ucl_code": "UCL122070", "ucl_name": "Kenthurst (L)", "area_sqkm": 0.527}}, {"type": "Feature", "geometry": {"type": "Point", "coordinates": [152.7208049853673, -31.63338653171914]}, "properties": {"ucl_code": "UCL122071", "ucl_name": "Kew (L)", "area_sqkm": 0.387}}, {"type": "Feature", "geometry": {"type": "Point", "coordinates": [148.13311408909328, -36.213958803111]}, "properties": {"ucl_code": "UCL122072", "ucl_name": "Khancoban (L)", "area_sqkm": 1.407}}, {"type": "Feature", "geometry": {"type": "Point", "coordinates": [150.37931216380073, -35.55903212153932]}, "properties": {"ucl_code": "UCL122073", "ucl_name": "Kioloa (L)", "area_sqkm": 1.829}}, {"type": "Feature", "geometry": {"type": "Point", "coordinates": [148.5580242103527, -34.036849854404764]}, "properties": {"ucl_code": "UCL122074", "ucl_name": "Koorawatha (L)", "area_sqkm": 1.704}}, {"type": "Feature", "geometry": {"type": "Point", "coordinates": [150.69106985087356, -33.5495387520353]}, "properties": {"ucl_code": "UCL122075", "ucl_name": "Kurmond (L)", "area_sqkm": 0.351}}, {"type": "Feature", "geometry": {"type": "Point", "coordinates": [147.51588610031126, -35.20862222317891]}, "properties": {"ucl_code": "UCL122076", "ucl_name": "Ladysmith (L)", "area_sqkm": 0.415}}, {"type": "Feature", "geometry": {"type": "Point", "coordinates": [152.53207523101597, -31.78257655882964]}, "properties": {"ucl_code": "UCL122077", "ucl_name": "Lansdowne (L)", "area_sqkm": 0.841}}, {"type": "Feature", "geometry": {"type": "Point", "coordinates": [153.57632576903467, -28.782181386029546]}, "properties": {"ucl_code": "UCL122078", "ucl_name": "Lennox Head - West (L)", "area_sqkm": 0.355}}, {"type": "Feature", "geometry": {"type": "Point", "coordinates": [150.49469229084877, -33.71176274549644]}, "properties": {"ucl_code": "UCL122079", "ucl_name": "Linden (L)", "area_sqkm": 0.88}}, {"type": "Feature", "geometry": {"type": "Point", "coordinates": [150.6896521333012, -33.87960956416602]}, "properties": {"ucl_code": "UCL122080", "ucl_name": "Luddenham (L)", "area_sqkm": 0.487}}, {"type": "Feature", "geometry": {"type": "Point", "coordinates": [149.03952624650407, -33.67246711736135]}, "properties": {"ucl_code": "UCL122081", "ucl_name": "Lyndhurst (L)", "area_sqkm": 2.716}}, {"type": "Feature", "geometry": {"type": "Point", "coordinates": [152.65751268096648, -31.899374917561786]}, "properties": {"ucl_code": "UCL122082", "ucl_name": "Manning Point (L)", "area_sqkm": 0.869}}, {"type": "Feature", "geometry": {"type": "Point", "coordinates": [150.11395911340446, -33.45428911889381]}, "properties": {"ucl_code": "UCL122083", "ucl_name": "Marrangaroo (L)", "area_sqkm": 3.077}}, {"type": "Feature", "geometry": {"type": "Point", "coordinates": [150.74341153540342, -34.10630640043927]}, "properties": {"ucl_code": "UCL122084", "ucl_name": "Menangle Park (L)", "area_sqkm": 2.412}}, {"type": "Feature", "geometry": {"type": "Point", "coordinates": [149.12433390385783, -31.821847975490485]}, "properties": {"ucl_code": "UCL122085", "ucl_name": "Mendooran (L)", "area_sqkm": 1.271}}, {"type": "Feature", "geometry": {"type": "Point", "coordinates": [142.40793936026108, -32.39064563963292]}, "properties": {"ucl_code": "UCL122086", "ucl_name": "Menindee (L)", "area_sqkm": 7.649}}, {"type": "Feature", "geometry": {"type": "Point", "coordinates": [150.14205320148739, -35.77775027771053]}, "properties": {"ucl_code": "UCL122088", "ucl_name": "Mogo (L)", "area_sqkm": 1.719}}, {"type": "Feature", "geometry": {"type": "Point", "coordinates": [151.07126037875895, -31.02012487767532]}, "properties": {"ucl_code": "UCL122089", "ucl_name": "Moonbi (L)", "area_sqkm": 2.557}}, {"type": "Feature", "geometry": {"type": "Point", "coordinates": [151.19595528843422, -33.52210943363782]}, "properties": {"ucl_code": "UCL122090", "ucl_name": "Mooney Mooney (L)", "area_sqkm": 1.815}}, {"type": "Feature", "geometry": {"type": "Point", "coordinates": [144.03814878024366, -35.09119228860819]}, "properties": {"ucl_code": "UCL122091", "ucl_name": "Moulamein (L)", "area_sqkm": 2.998}}, {"type": "Feature", "geometry": {"type": "Point", "coordinates": [151.48077461700984, -32.90346093513389]}, "properties": {"ucl_code": "UCL122092", "ucl_name": "Mulbring (L)", "area_sqkm": 0.897}}, {"type": "Feature", "geometry": {"type": "Point", "coordinates": [148.98908429763623, -28.977702583690192]}, "properties": {"ucl_code": "UCL122093", "ucl_name": "Mungindi (L)", "area_sqkm": 2.291}}, {"type": "Feature", "geometry": {"type": "Point", "coordinates": [153.04232156178853, -30.462342324792104]}, "properties": {"ucl_code": "UCL122094", "ucl_name": "Mylestom (L)", "area_sqkm": 1.558}}, {"type": "Feature", "geometry": {"type": "Point", "coordinates": [153.0148639708718, -30.131545839850286]}, "properties": {"ucl_code": "UCL122095", "ucl_name": "Nana Glen (L)", "area_sqkm": 0.694}}, {"type": "Feature", "geometry": {"type": "Point", "coordinates": [150.14065410004326, -35.65017521097239]}, "properties": {"ucl_code": "UCL122096", "ucl_name": "Nelligen (L)", "area_sqkm": 1.666}}, {"type": "Feature", "geometry": {"type": "Point", "coordinates": [150.9866821289819, -31.124909281791076]}, "properties": {"ucl_code": "UCL122097", "ucl_name": "Nemingha (L)", "area_sqkm": 0.619}}, {"type": "Feature", "geometry": {"type": "Point", "coordinates": [153.22579541529421, -28.597486978494914]}, "properties": {"ucl_code": "UCL122098", "ucl_name": "Nimbin (L)", "area_sqkm": 1.879}}, {"type": "Feature", "geometry": {"type": "Point", "coordinates": [149.2856911842665, -36.51165917243295]}, "properties": {"ucl_code": "UCL122099", "ucl_name": "Nimmitabel (L)", "area_sqkm": 0.969}}, {"type": "Feature", "geometry": {"type": "Point", "coordinates": [152.04270122560644, -32.668774942717576]}, "properties": {"ucl_code": "UCL122100", "ucl_name": "North Arm Cove (L)", "area_sqkm": 1.304}}, {"type": "Feature", "geometry": {"type": "Point", "coordinates": [152.91273700986986, -31.40973595865911]}, "properties": {"ucl_code": "UCL122101", "ucl_name": "North Shore (L)", "area_sqkm": 2.828}}, {"type": "Feature", "geometry": {"type": "Point", "coordinates": [151.12567149361416, -31.466427331429543]}, "properties": {"ucl_code": "UCL122102", "ucl_name": "Nundle (L)", "area_sqkm": 2.515}}, {"type": "Feature", "geometry": {"type": "Point", "coordinates": [150.74263386191086, -33.79596554814198]}, "properties": {"ucl_code": "UCL122104", "ucl_name": "Orchard Hills (L)", "area_sqkm": 1.326}}, {"type": "Feature", "geometry": {"type": "Point", "coordinates": [151.00334107601898, -34.214174225423676]}, "properties": {"ucl_code": "UCL122105", "ucl_name": "Otford (L)", "area_sqkm": 0.486}}, {"type": "Feature", "geometry": {"type": "Point", "coordinates": [150.1370623767878, -29.47507118697523]}, "properties": {"ucl_code": "UCL122106", "ucl_name": "Pallamallawa (L)", "area_sqkm": 0.885}}, {"type": "Feature", "geometry": {"type": "Point", "coordinates": [151.61351407451218, -32.60245994151015]}, "properties": {"ucl_code": "UCL122107", "ucl_name": "Paterson (L)", "area_sqkm": 1.279}}, {"type": "Feature", "geometry": {"type": "Point", "coordinates": [151.27222979681437, -33.55064114551015]}, "properties": {"ucl_code": "UCL122108", "ucl_name": "Patonga (L)", "area_sqkm": 0.324}}, {"type": "Feature", "geometry": {"type": "Point", "coordinates": [149.5513074116107, -33.49180216482422]}, "properties": {"ucl_code": "UCL122110", "ucl_name": "Perthville (L)", "area_sqkm": 1.756}}, {"type": "Feature", "geometry": {"type": "Point", "coordinates": [150.56826022400938, -34.168693480457094]}, "properties": {"ucl_code": "UCL122111", "ucl_name": "Picton - West (L)", "area_sqkm": 1.251}}, {"type": "Feature", "geometry": {"type": "Point", "coordinates": [152.10932473997354, -32.671990389411675]}, "properties": {"ucl_code": "UCL122112", "ucl_name": "Pindimar (L)", "area_sqkm": 3.277}}, {"type": "Feature", "geometry": {"type": "Point", "coordinates": [153.22531070536894, -29.983291489408362]}, "properties": {"ucl_code": "UCL122114", "ucl_name": "Red Rock (L)", "area_sqkm": 1.251}}, {"type": "Feature", "geometry": {"type": "Point", "coordinates": [152.8749953304459, -31.405956961346163]}, "properties": {"ucl_code": "UCL122115", "ucl_name": "Riverside (L)", "area_sqkm": 4.746}}, {"type": "Feature", "geometry": {"type": "Point", "coordinates": [150.21338000893127, -35.82028323536473]}, "properties": {"ucl_code": "UCL122116", "ucl_name": "Rosedale - Guerilla Bay (L)", "area_sqkm": 6.462}}, {"type": "Feature", "geometry": {"type": "Point", "coordinates": [151.72506954239006, -32.66385085269396]}, "properties": {"ucl_code": "UCL122117", "ucl_name": "Seaham (L)", "area_sqkm": 1.054}}, {"type": "Feature", "geometry": {"type": "Point", "coordinates": [151.58603062548977, -32.883817147188225]}, "properties": {"ucl_code": "UCL122118", "ucl_name": "Seahampton (L)", "area_sqkm": 6.554}}, {"type": "Feature", "geometry": {"type": "Point", "coordinates": [150.28635366045353, -35.655559673683946]}, "properties": {"ucl_code": "UCL122119", "ucl_name": "South Durras (L)", "area_sqkm": 5.167}}, {"type": "Feature", "geometry": {"type": "Point", "coordinates": [149.84610714393523, -36.94741471053325]}, "properties": {"ucl_code": "UCL122120", "ucl_name": "South Pambula (L)", "area_sqkm": 5.166}}, {"type": "Feature", "geometry": {"type": "Point", "coordinates": [149.15292267538035, -33.39786412473972]}, "properties": {"ucl_code": "UCL122121", "ucl_name": "Spring Hill (L)", "area_sqkm": 0.355}}, {"type": "Feature", "geometry": {"type": "Point", "coordinates": [150.97141840288572, -34.22190099790838]}, "properties": {"ucl_code": "UCL122122", "ucl_name": "Stanwell Tops (L)", "area_sqkm": 1.275}}, {"type": "Feature", "geometry": {"type": "Point", "coordinates": [147.88205544172058, -34.49824414681409]}, "properties": {"ucl_code": "UCL122123", "ucl_name": "Stockinbingal (L)", "area_sqkm": 1.417}}, {"type": "Feature", "geometry": {"type": "Point", "coordinates": [149.2584553262855, -35.16245118055352]}, "properties": {"ucl_code": "UCL122124", "ucl_name": "Sutton (L)", "area_sqkm": 1.57}}, {"type": "Feature", "geometry": {"type": "Point", "coordinates": [148.3018710088038, -35.58308708382718]}, "properties": {"ucl_code": "UCL122125", "ucl_name": "Talbingo (L)", "area_sqkm": 1.036}}, {"type": "Feature", "geometry": {"type": "Point", "coordinates": [150.54340427366657, -34.83501899718826]}, "properties": {"ucl_code": "UCL122126", "ucl_name": "Tapitallee (L)", "area_sqkm": 0.838}}, {"type": "Feature", "geometry": {"type": "Point", "coordinates": [149.82019961409836, -34.40095268965054]}, "properties": {"ucl_code": "UCL122127", "ucl_name": "Taralga (L)", "area_sqkm": 1.564}}, {"type": "Feature", "geometry": {"type": "Point", "coordinates": [147.74151472137024, -35.275063700948714]}, "properties": {"ucl_code": "UCL122128", "ucl_name": "Tarcutta (L)", "area_sqkm": 1.425}}, {"type": "Feature", "geometry": {"type": "Point", "coordinates": [149.8629001869021, -36.66158721705854]}, "properties": {"ucl_code": "UCL122129", "ucl_name": "Tarraganda (L)", "area_sqkm": 5.996}}, {"type": "Feature", "geometry": {"type": "Point", "coordinates": [152.78805079376724, -31.32542795080664]}, "properties": {"ucl_code": "UCL122130", "ucl_name": "Telegraph Point (L)", "area_sqkm": 2.06}}, {"type": "Feature", "geometry": {"type": "Point", "coordinates": [148.30617142365043, -36.50366477527756]}, "properties": {"ucl_code": "UCL122131", "ucl_name": "Thredbo Village (L)", "area_sqkm": 1.086}}, {"type": "Feature", "geometry": {"type": "Point", "coordinates": [151.20851158057144, -29.95117391246535]}, "properties": {"ucl_code": "UCL122132", "ucl_name": "Tingha (L)", "area_sqkm": 2.404}}, {"type": "Feature", "geometry": {"type": "Point", "coordinates": [151.73271210975426, -32.82448698896726]}, "properties": {"ucl_code": "UCL122133", "ucl_name": "Tomago (L)", "area_sqkm": 34.927}}, {"type": "Feature", "geometry": {"type": "Point", "coordinates": [150.58669681775427, -35.05415050267378]}, "properties": {"ucl_code": "UCL122134", "ucl_name": "Tomerong (L)", "area_sqkm": 0.774}}, {"type": "Feature", "geometry": {"type": "Point", "coordinates": [143.33823993675804, -35.0298499189424]}, "properties": {"ucl_code": "UCL122135", "ucl_name": "Tooleybuc (L)", "area_sqkm": 1.18}}, {"type": "Feature", "geometry": {"type": "Point", "coordinates": [147.35499523954687, -32.24118579037243]}, "properties": {"ucl_code": "UCL122137", "ucl_name": "Tottenham (L)", "area_sqkm": 1.383}}, {"type": "Feature", "geometry": {"type": "Point", "coordinates": [147.70332550248335, -32.920985537918185]}, "properties": {"ucl_code": "UCL122138", "ucl_name": "Trundle (L)", "area_sqkm": 2.706}}, {"type": "Feature", "geometry": {"type": "Point", "coordinates": [153.10932055918357, -29.66482740050009]}, "properties": {"ucl_code": "UCL122139", "ucl_name": "Tucabia (L)", "area_sqkm": 1.131}}, {"type": "Feature", "geometry": {"type": "Point", "coordinates": [147.56714234889137, -32.63129945952178]}, "properties": {"ucl_code": "UCL122140", "ucl_name": "Tullamore (L)", "area_sqkm": 1.167}}, {"type": "Feature", "geometry": {"type": "Point", "coordinates": [153.4624527984933, -28.2739614953295]}, "properties": {"ucl_code": "UCL122141", "ucl_name": "Tumbulgum (L)", "area_sqkm": 0.338}}, {"type": "Feature", "geometry": {"type": "Point", "coordinates": [153.20555962767793, -28.356627360418106]}, "properties": {"ucl_code": "UCL122142", "ucl_name": "Tyalgum (L)", "area_sqkm": 0.548}}, {"type": "Feature", "geometry": {"type": "Point", "coordinates": [153.3364806451885, -28.414885003440585]}, "properties": {"ucl_code": "UCL122143", "ucl_name": "Uki (L)", "area_sqkm": 0.496}}, {"type": "Feature", "geometry": {"type": "Point", "coordinates": [153.03007064535822, -29.630281971568763]}, "properties": {"ucl_code": "UCL122144", "ucl_name": "Ulmarra (L)", "area_sqkm": 1.297}}, {"type": "Feature", "geometry": {"type": "Point", "coordinates": [146.9760394795357, -33.64135967626899]}, "properties": {"ucl_code": "UCL122145", "ucl_name": "Ungarie (L)", "area_sqkm": 1.525}}, {"type": "Feature", "geometry": {"type": "Point", "coordinates": [146.27171455964145, -35.33044737433351]}, "properties": {"ucl_code": "UCL122146", "ucl_name": "Urana (L)", "area_sqkm": 4.426}}, {"type": "Feature", "geometry": {"type": "Point", "coordinates": [152.54505571355764, -28.47254641062262]}, "properties": {"ucl_code": "UCL122147", "ucl_name": "Urbenville (L)", "area_sqkm": 0.767}}, {"type": "Feature", "geometry": {"type": "Point", "coordinates": [150.82232204067193, -31.536736020292466]}, "properties": {"ucl_code": "UCL122148", "ucl_name": "Wallabadah (L)", "area_sqkm": 6.471}}, {"type": "Feature", "geometry": {"type": "Point", "coordinates": [146.1813172867731, -34.51358939692061]}, "properties": {"ucl_code": "UCL122149", "ucl_name": "Whitton (L)", "area_sqkm": 1.182}}, {"type": "Feature", "geometry": {"type": "Point", "coordinates": [149.8102831129091, -36.831892369809594]}, "properties": {"ucl_code": "UCL122150", "ucl_name": "Wolumla (L)", "area_sqkm": 0.607}}, {"type": "Feature", "geometry": {"type": "Point", "coordinates": [152.61005530025975, -28.38992341035685]}, "properties": {"ucl_code": "UCL122151", "ucl_name": "Woodenbong (L)", "area_sqkm": 0.828}}, {"type": "Feature", "geometry": {"type": "Point", "coordinates": [148.84643006814383, -33.74621731643919]}, "properties": {"ucl_code": "UCL122152", "ucl_name": "Woodstock (L)", "area_sqkm": 1.281}}, {"type": "Feature", "geometry": {"type": "Point", "coordinates": [150.65285832657412, -35.016600455201754]}, "properties": {"ucl_code": "UCL122153", "ucl_name": "Woollamia (L)", "area_sqkm": 7.326}}, {"type": "Feature", "geometry": {"type": "Point", "coordinates": [153.34635153663214, -29.478122997666656]}, "properties": {"ucl_code": "UCL122154", "ucl_name": "Wooloweyah (L)", "area_sqkm": 0.334}}, {"type": "Feature", "geometry": {"type": "Point", "coordinates": [147.24142469202292, -33.920728838045186]}, "properties": {"ucl_code": "UCL122155", "ucl_name": "Wyalong (L)", "area_sqkm": 7.545}}, {"type": "Feature", "geometry": {"type": "Point", "coordinates": [146.41005990283736, -34.59907691996007]}, "properties": {"ucl_code": "UCL122156", "ucl_name": "Yanco (L)", "area_sqkm": 1.249}}, {"type": "Feature", "geometry": {"type": "Point", "coordinates": [150.66329352715593, -33.63335804924168]}, "properties": {"ucl_code": "UCL122157", "ucl_name": "Yarramundi (L)", "area_sqkm": 1.094}}, {"type": "Feature", "geometry": {"type": "Point", "coordinates": [148.64765289634278, -32.747139572810184]}, "properties": {"ucl_code": "UCL122158", "ucl_name": "Yeoval (L)", "area_sqkm": 0.966}}, {"type": "Feature", "geometry": {"type": "Point", "coordinates": [145.15001512185137, -37.969374353120386]}, "properties": {"ucl_code": "UCL201001", "ucl_name": "Melbourne", "area_sqkm": 2880.573}}, {"type": "Feature", "geometry": {"type": "Point", "coordinates": [143.8450939029032, -37.56743088307776]}, "properties": {"ucl_code": "UCL203001", "ucl_name": "Ballarat", "area_sqkm": 132.236}}, {"type": "Feature", "geometry": {"type": "Point", "coordinates": [144.2603215270739, -36.748991624114716]}, "properties": {"ucl_code": "UCL203002", "ucl_name": "Bendigo", "area_sqkm": 162.386}}, {"type": "Feature", "geometry": {"type": "Point", "coordinates": [144.34755814555808, -38.15369442228114]}, "properties": {"ucl_code": "UCL203003", "ucl_name": "Geelong", "area_sqkm": 165.584}}, {"type": "Feature", "geometry": {"type": "Point", "coordinates": [146.87174198151035, -36.119057454402025]}, "properties": {"ucl_code": "UCL211001", "ucl_name": "Albury - Wodonga (Wodonga Part)", "area_sqkm": 54.194}}, {"type": "Feature", "geometry": {"type": "Point", "coordinates": [144.58042752029166, -37.69870080809706]}, "properties": {"ucl_code": "UCL211002", "ucl_name": "Melton", "area_sqkm": 57.1}}, {"type": "Feature", "geometry": {"type": "Point", "coordinates": [144.42974531011328, -37.66900680460701]}, "properties": {"ucl_code": "UCL212001", "ucl_name": "Bacchus Marsh", "area_sqkm": 18.613}}, {"type": "Feature", "geometry": {"type": "Point", "coordinates": [144.74910681047572, -36.13683888918483]}, "properties": {"ucl_code": "UCL212002", "ucl_name": "Echuca - Moama (Echuca Part)", "area_sqkm": 25.849}}, {"type": "Feature", "geometry": {"type": "Point", "coordinates": [142.15467205416724, -34.19573758874187]}, "properties": {"ucl_code": "UCL212003", "ucl_name": "Mildura - Buronga (Mildura Part)", "area_sqkm": 41.343}}, {"type": "Feature", "geometry": {"type": "Point", "coordinates": [144.53195868171613, -38.26166900879031]}, "properties": {"ucl_code": "UCL212004", "ucl_name": "Ocean Grove - Barwon Heads", "area_sqkm": 20.488}}, {"type": "Feature", "geometry": {"type": "Point", "coordinates": [145.4194525014072, -36.38868313702811]}, "properties": {"ucl_code": "UCL212005", "ucl_name": "Shepparton - Mooroopna", "area_sqkm": 62.341}}, {"type": "Feature", "geometry": {"type": "Point", "coordinates": [144.71390322012547, -37.56188840100363]}, "properties": {"ucl_code": "UCL212006", "ucl_name": "Sunbury", "area_sqkm": 30.709}}, {"type": "Feature", "geometry": {"type": "Point", "coordinates": [144.31067045634725, -38.32050024870432]}, "properties": {"ucl_code": "UCL212007", "ucl_name": "Torquay - Jan Juc", "area_sqkm": 38.989}}, {"type": "Feature", "geometry": {"type": "Point", "coordinates": [146.54126547853693, -38.195086497743546]}, "properties": {"ucl_code": "UCL212008", "ucl_name": "Traralgon", "area_sqkm": 29.098}}, {"type": "Feature", "geometry": {"type": "Point", "coordinates": [142.49339137512834, -38.37863947111147]}, "properties": {"ucl_code": "UCL212009", "ucl_name": "Warrnambool", "area_sqkm": 52.425}}, {"type": "Feature", "geometry": {"type": "Point", "coordinates": [147.6244279653716, -37.822985490813195]}, "properties": {"ucl_code": "UCL213001", "ucl_name": "Bairnsdale", "area_sqkm": 25.995}}, {"type": "Feature", "geometry": {"type": "Point", "coordinates": [144.20652740915608, -37.07075377724027]}, "properties": {"ucl_code": "UCL213002", "ucl_name": "Castlemaine", "area_sqkm": 34.688}}, {"type": "Feature", "geometry": {"type": "Point", "coordinates": [143.58036783390884, -38.353303477661385]}, "properties": {"ucl_code": "UCL213003", "ucl_name": "Colac", "area_sqkm": 22.853}}, {"type": "Feature", "geometry": {"type": "Point", "coordinates": [145.8525957542025, -38.12573790035279]}, "properties": {"ucl_code": "UCL213004", "ucl_name": "Drouin", "area_sqkm": 21.989}}, {"type": "Feature", "geometry": {"type": "Point", "coordinates": [144.5663186162864, -38.17225520281953]}, "properties": {"ucl_code": "UCL213005", "ucl_name": "Drysdale - Clifton Springs", "area_sqkm": 18.879}}, {"type": "Feature", "geometry": {"type": "Point", "coordinates": [144.59469845800305, -37.47580906895608]}, "properties": {"ucl_code": "UCL213006", "ucl_name": "Gisborne", "area_sqkm": 20.823}}, {"type": "Feature", "geometry": {"type": "Point", "coordinates": [142.19637815268504, -36.73913299244447]}, "properties": {"ucl_code": "UCL213007", "ucl_name": "Horsham", "area_sqkm": 40.804}}, {"type": "Feature", "geometry": {"type": "Point", "coordinates": [144.39530211356387, -38.023234812091395]}, "properties": {"ucl_code": "UCL213008", "ucl_name": "Lara", "area_sqkm": 11.522}}, {"type": "Feature", "geometry": {"type": "Point", "coordinates": [144.46780111498, -38.189951751372305]}, "properties": {"ucl_code": "UCL213009", "ucl_name": "Leopold", "area_sqkm": 5.595}}, {"type": "Feature", "geometry": {"type": "Point", "coordinates": [146.27086864790732, -38.178724592570525]}, "properties": {"ucl_code": "UCL213010", "ucl_name": "Moe - Newborough", "area_sqkm": 23.907}}, {"type": "Feature", "geometry": {"type": "Point", "coordinates": [146.4231789081485, -38.22270374410961]}, "properties": {"ucl_code": "UCL213011", "ucl_name": "Morwell", "area_sqkm": 14.257}}, {"type": "Feature", "geometry": {"type": "Point", "coordinates": [141.60496728656477, -38.35686276535736]}, "properties": {"ucl_code": "UCL213012", "ucl_name": "Portland (Vic.)", "area_sqkm": 31.514}}, {"type": "Feature", "geometry": {"type": "Point", "coordinates": [147.06804330256284, -38.107088725047845]}, "properties": {"ucl_code": "UCL213013", "ucl_name": "Sale", "area_sqkm": 34.297}}, {"type": "Feature", "geometry": {"type": "Point", "coordinates": [143.54676594767793, -35.35104032040877]}, "properties": {"ucl_code": "UCL213014", "ucl_name": "Swan Hill", "area_sqkm": 21.053}}, {"type": "Feature", "geometry": {"type": "Point", "coordinates": [144.9878723157263, -37.4047188365508]}, "properties": {"ucl_code": "UCL213015", "ucl_name": "Wallan", "area_sqkm": 22.664}}, {"type": "Feature", "geometry": {"type": "Point", "coordinates": [146.31818594183946, -36.3543185344896]}, "properties": {"ucl_code": "UCL213016", "ucl_name": "Wangaratta", "area_sqkm": 40.489}}, {"type": "Feature", "geometry": {"type": "Point", "coordinates": [145.9334890295438, -38.15843690589528]}, "properties": {"ucl_code": "UCL213017", "ucl_name": "Warragul", "area_sqkm": 22.311}}, {"type": "Feature", "geometry": {"type": "Point", "coordinates": [145.98032520224905, -36.02075242860231]}, "properties": {"ucl_code": "UCL213018", "ucl_name": "Yarrawonga - Mulwala (Yarrawonga Part)", "area_sqkm": 25.298}}, {"type": "Feature", "geometry": {"type": "Point", "coordinates": [142.93136836332417, -37.28293175761827]}, "properties": {"ucl_code": "UCL214001", "ucl_name": "Ararat", "area_sqkm": 13.617}}, {"type": "Feature", "geometry": {"type": "Point", "coordinates": [144.17711513427622, -38.046127460121134]}, "properties": {"ucl_code": "UCL214002", "ucl_name": "Bannockburn", "area_sqkm": 12.314}}, {"type": "Feature", "geometry": {"type": "Point", "coordinates": [145.99560470621884, -36.5501065421389]}, "properties": {"ucl_code": "UCL214003", "ucl_name": "Benalla", "area_sqkm": 25.531}}, {"type": "Feature", "geometry": {"type": "Point", "coordinates": [145.6476155179127, -35.913398599169746]}, "properties": {"ucl_code": "UCL214004", "ucl_name": "Cobram", "area_sqkm": 9.095}}, {"type": "Feature", "geometry": {"type": "Point", "coordinates": [146.40251367384377, -36.01366045351181]}, "properties": {"ucl_code": "UCL214005", "ucl_name": "Corowa - Wahgunyah (Wahgunyah Part)", "area_sqkm": 2.022}}, {"type": "Feature", "geometry": {"type": "Point", "coordinates": [145.23793081296122, -38.454725843438425]}, "properties": {"ucl_code": "UCL214006", "ucl_name": "Cowes", "area_sqkm": 10.699}}, {"type": "Feature", "geometry": {"type": "Point", "coordinates": [144.70641678010674, -37.624973033806995]}, "properties": {"ucl_code": "UCL214007", "ucl_name": "Diggers Rest", "area_sqkm": 4.902}}, {"type": "Feature", "geometry": {"type": "Point", "coordinates": [142.03643067149332, -37.729432481720806]}, "properties": {"ucl_code": "UCL214008", "ucl_name": "Hamilton", "area_sqkm": 43.26}}, {"type": "Feature", "geometry": {"type": "Point", "coordinates": [145.52123050368317, -37.656558016351354]}, "properties": {"ucl_code": "UCL214009", "ucl_name": "Healesville", "area_sqkm": 18.943}}, {"type": "Feature", "geometry": {"type": "Point", "coordinates": [145.71574046681263, -38.63688288597114]}, "properties": {"ucl_code": "UCL214010", "ucl_name": "Inverloch", "area_sqkm": 6.433}}, {"type": "Feature", "geometry": {"type": "Point", "coordinates": [144.9492377972747, -37.28920955819069]}, "properties": {"ucl_code": "UCL214011", "ucl_name": "Kilmore", "area_sqkm": 16.437}}, {"type": "Feature", "geometry": {"type": "Point", "coordinates": [145.04993873750936, -36.31636189512319]}, "properties": {"ucl_code": "UCL214012", "ucl_name": "Kyabram", "area_sqkm": 9.168}}, {"type": "Feature", "geometry": {"type": "Point", "coordinates": [144.45697045435298, -37.24787096982601]}, "properties": {"ucl_code": "UCL214013", "ucl_name": "Kyneton", "area_sqkm": 7.26}}, {"type": "Feature", "geometry": {"type": "Point", "coordinates": [147.991108983941, -37.869434837630365]}, "properties": {"ucl_code": "UCL214014", "ucl_name": "Lakes Entrance", "area_sqkm": 18.789}}, {"type": "Feature", "geometry": {"type": "Point", "coordinates": [145.94905280514672, -38.47866997091836]}, "properties": {"ucl_code": "UCL214015", "ucl_name": "Leongatha", "area_sqkm": 7.241}}, {"type": "Feature", "geometry": {"type": "Point", "coordinates": [143.73197521788484, -37.041598251769315]}, "properties": {"ucl_code": "UCL214016", "ucl_name": "Maryborough (Vic.)", "area_sqkm": 10.036}}, {"type": "Feature", "geometry": {"type": "Point", "coordinates": [144.67683938864508, -38.25094217159045]}, "properties": {"ucl_code": "UCL214017", "ucl_name": "Point Lonsdale - Queenscliff", "area_sqkm": 11.271}}, {"type": "Feature", "geometry": {"type": "Point", "coordinates": [144.70709518152518, -38.16361881768107]}, "properties": {"ucl_code": "UCL214018", "ucl_name": "Portarlington - St Leonards", "area_sqkm": 17.144}}, {"type": "Feature", "geometry": {"type": "Point", "coordinates": [145.1523324611818, -37.0262122603637]}, "properties": {"ucl_code": "UCL214019", "ucl_name": "Seymour", "area_sqkm": 12.544}}, {"type": "Feature", "geometry": {"type": "Point", "coordinates": [142.77172536068792, -37.04874071080148]}, "properties": {"ucl_code": "UCL214020", "ucl_name": "Stawell", "area_sqkm": 18.998}}, {"type": "Feature", "geometry": {"type": "Point", "coordinates": [145.13997879868225, -37.51005609758903]}, "properties": {"ucl_code": "UCL214021", "ucl_name": "Whittlesea", "area_sqkm": 7.538}}, {"type": "Feature", "geometry": {"type": "Point", "coordinates": [145.58802550850075, -38.60222580718039]}, "properties": {"ucl_code": "UCL214022", "ucl_name": "Wonthaggi", "area_sqkm": 14.325}}, {"type": "Feature", "geometry": {"type": "Point", "coordinates": [144.10835233181746, -38.459416794331204]}, "properties": {"ucl_code": "UCL215001", "ucl_name": "Aireys Inlet - Fairhaven", "area_sqkm": 5.217}}, {"type": "Feature", "geometry": {"type": "Point", "coordinates": [145.712692049321, -37.1929070758964]}, "properties": {"ucl_code": "UCL215002", "ucl_name": "Alexandra", "area_sqkm": 6.051}}, {"type": "Feature", "geometry": {"type": "Point", "coordinates": [144.17889378977202, -38.41228676873294]}, "properties": {"ucl_code": "UCL215003", "ucl_name": "Anglesea", "area_sqkm": 6.892}}, {"type": "Feature", "geometry": {"type": "Point", "coordinates": [143.6636635059695, -38.752699758182686]}, "properties": {"ucl_code": "UCL215004", "ucl_name": "Apollo Bay", "area_sqkm": 2.859}}, {"type": "Feature", "geometry": {"type": "Point", "coordinates": [143.4760574965556, -37.08404599526956]}, "properties": {"ucl_code": "UCL215005", "ucl_name": "Avoca", "area_sqkm": 5.309}}, {"type": "Feature", "geometry": {"type": "Point", "coordinates": [144.2288860489494, -37.59875162700231]}, "properties": {"ucl_code": "UCL215006", "ucl_name": "Ballan", "area_sqkm": 3.7}}, {"type": "Feature", "geometry": {"type": "Point", "coordinates": [145.11696793516734, -38.382599350898744]}, "properties": {"ucl_code": "UCL215007", "ucl_name": "Balnarring - Balnarring Beach", "area_sqkm": 5.901}}, {"type": "Feature", "geometry": {"type": "Point", "coordinates": [146.95111630034683, -36.19177846566666]}, "properties": {"ucl_code": "UCL215008", "ucl_name": "Baranduda", "area_sqkm": 2.874}}, {"type": "Feature", "geometry": {"type": "Point", "coordinates": [144.12600822199767, -35.636758403163356]}, "properties": {"ucl_code": "UCL215009", "ucl_name": "Barham - Koondrook (Koondrook Part)", "area_sqkm": 2.695}}, {"type": "Feature", "geometry": {"type": "Point", "coordinates": [145.4041231055918, -37.99872639735841]}, "properties": {"ucl_code": "UCL215010", "ucl_name": "Beaconsfield Upper", "area_sqkm": 10.094}}, {"type": "Feature", "geometry": {"type": "Point", "coordinates": [143.3847968033162, -37.43139006139351]}, "properties": {"ucl_code": "UCL215011", "ucl_name": "Beaufort", "area_sqkm": 4.056}}, {"type": "Feature", "geometry": {"type": "Point", "coordinates": [146.68873012265152, -36.362957948496934]}, "properties": {"ucl_code": "UCL215012", "ucl_name": "Beechworth", "area_sqkm": 7.958}}, {"type": "Feature", "geometry": {"type": "Point", "coordinates": [144.96129987351853, -37.47577937518385]}, "properties": {"ucl_code": "UCL215013", "ucl_name": "Beveridge", "area_sqkm": 6.531}}, {"type": "Feature", "geometry": {"type": "Point", "coordinates": [145.33646319693787, -38.214510461069594]}, "properties": {"ucl_code": "UCL215014", "ucl_name": "Blind Bight", "area_sqkm": 0.543}}, {"type": "Feature", "geometry": {"type": "Point", "coordinates": [146.95439667674492, -36.728601806451465]}, "properties": {"ucl_code": "UCL215015", "ucl_name": "Bright", "area_sqkm": 9.473}}, {"type": "Feature", "geometry": {"type": "Point", "coordinates": [145.04952463989486, -37.21262854843198]}, "properties": {"ucl_code": "UCL215016", "ucl_name": "Broadford", "area_sqkm": 9.085}}, {"type": "Feature", "geometry": {"type": "Point", "coordinates": [145.7220939506634, -38.09317134834326]}, "properties": {"ucl_code": "UCL215017", "ucl_name": "Bunyip", "area_sqkm": 4.548}}, {"type": "Feature", "geometry": {"type": "Point", "coordinates": [143.1471859111129, -38.234637331759295]}, "properties": {"ucl_code": "UCL215018", "ucl_name": "Camperdown", "area_sqkm": 4.693}}, {"type": "Feature", "geometry": {"type": "Point", "coordinates": [145.33336951542418, -38.52811906811565]}, "properties": {"ucl_code": "UCL215019", "ucl_name": "Cape Woolamai", "area_sqkm": 1.949}}, {"type": "Feature", "geometry": {"type": "Point", "coordinates": [141.41223065299113, -37.59355928845281]}, "properties": {"ucl_code": "UCL215020", "ucl_name": "Casterton", "area_sqkm": 4.516}}, {"type": "Feature", "geometry": {"type": "Point", "coordinates": [146.59923201035767, -36.152964104095396]}, "properties": {"ucl_code": "UCL215021", "ucl_name": "Chiltern", "area_sqkm": 7.334}}, {"type": "Feature", "geometry": {"type": "Point", "coordinates": [146.42007445088223, -38.312516089460594]}, "properties": {"ucl_code": "UCL215022", "ucl_name": "Churchill", "area_sqkm": 6.185}}, {"type": "Feature", "geometry": {"type": "Point", "coordinates": [143.07851108298826, -38.324321308422384]}, "properties": {"ucl_code": "UCL215023", "ucl_name": "Cobden", "area_sqkm": 4.26}}, {"type": "Feature", "geometry": {"type": "Point", "coordinates": [144.215814687855, -35.8094566803196]}, "properties": {"ucl_code": "UCL215024", "ucl_name": "Cohuna", "area_sqkm": 3.067}}, {"type": "Feature", "geometry": {"type": "Point", "coordinates": [145.43205528915274, -38.414987338141174]}, "properties": {"ucl_code": "UCL215025", "ucl_name": "Corinella", "area_sqkm": 1.821}}, {"type": "Feature", "geometry": {"type": "Point", "coordinates": [145.44478866294168, -38.43464388386151]}, "properties": {"ucl_code": "UCL215026", "ucl_name": "Coronet Bay", "area_sqkm": 4.1}}, {"type": "Feature", "geometry": {"type": "Point", "coordinates": [147.90057804533822, -36.19685065111756]}, "properties": {"ucl_code": "UCL215027", "ucl_name": "Corryong", "area_sqkm": 2.955}}, {"type": "Feature", "geometry": {"type": "Point", "coordinates": [143.89431503065038, -37.42066776579664]}, "properties": {"ucl_code": "UCL215028", "ucl_name": "Creswick", "area_sqkm": 14.9}}, {"type": "Feature", "geometry": {"type": "Point", "coordinates": [144.1416357366462, -37.34175403362705]}, "properties": {"ucl_code": "UCL215029", "ucl_name": "Daylesford - Hepburn Springs", "area_sqkm": 17.598}}, {"type": "Feature", "geometry": {"type": "Point", "coordinates": [142.03047314020515, -36.455132321271854]}, "properties": {"ucl_code": "UCL215030", "ucl_name": "Dimboola", "area_sqkm": 3.083}}, {"type": "Feature", "geometry": {"type": "Point", "coordinates": [142.99047488241132, -36.37138448100956]}, "properties": {"ucl_code": "UCL215031", "ucl_name": "Donald", "area_sqkm": 6.783}}, {"type": "Feature", "geometry": {"type": "Point", "coordinates": [145.57393501525138, -36.75780485913799]}, "properties": {"ucl_code": "UCL215032", "ucl_name": "Euroa", "area_sqkm": 6.925}}, {"type": "Feature", "geometry": {"type": "Point", "coordinates": [144.55644436815874, -37.78780580970425]}, "properties": {"ucl_code": "UCL215033", "ucl_name": "Eynesbury", "area_sqkm": 2.604}}, {"type": "Feature", "geometry": {"type": "Point", "coordinates": [146.20358315818908, -38.65419652549734]}, "properties": {"ucl_code": "UCL215034", "ucl_name": "Foster", "area_sqkm": 3.329}}, {"type": "Feature", "geometry": {"type": "Point", "coordinates": [145.67819661014374, -38.09033611333338]}, "properties": {"ucl_code": "UCL215035", "ucl_name": "Garfield", "area_sqkm": 1.89}}, {"type": "Feature", "geometry": {"type": "Point", "coordinates": [145.54349518429166, -37.95084878907355]}, "properties": {"ucl_code": "UCL215036", "ucl_name": "Gembrook", "area_sqkm": 2.235}}, {"type": "Feature", "geometry": {"type": "Point", "coordinates": [145.53749495155702, -38.3982198507459]}, "properties": {"ucl_code": "UCL215037", "ucl_name": "Grantville - Pioneer Bay", "area_sqkm": 3.265}}, {"type": "Feature", "geometry": {"type": "Point", "coordinates": [144.71110792891255, -36.925294705044465]}, "properties": {"ucl_code": "UCL215038", "ucl_name": "Heathcote", "area_sqkm": 6.414}}, {"type": "Feature", "geometry": {"type": "Point", "coordinates": [146.78020980599166, -37.97959213017786]}, "properties": {"ucl_code": "UCL215039", "ucl_name": "Heyfield", "area_sqkm": 3.62}}, {"type": "Feature", "geometry": {"type": "Point", "coordinates": [141.62656351313467, -38.13687576516875]}, "properties": {"ucl_code": "UCL215040", "ucl_name": "Heywood", "area_sqkm": 6.373}}, {"type": "Feature", "geometry": {"type": "Point", "coordinates": [143.92733889689833, -35.73743222144357]}, "properties": {"ucl_code": "UCL215041", "ucl_name": "Kerang", "area_sqkm": 9.209}}, {"type": "Feature", "geometry": {"type": "Point", "coordinates": [145.35016839201157, -37.53110020741029]}, "properties": {"ucl_code": "UCL215042", "ucl_name": "Kinglake", "area_sqkm": 6.257}}, {"type": "Feature", "geometry": {"type": "Point", "coordinates": [145.49317709001537, -38.199237736613654]}, "properties": {"ucl_code": "UCL215043", "ucl_name": "Koo Wee Rup", "area_sqkm": 2.585}}, {"type": "Feature", "geometry": {"type": "Point", "coordinates": [142.37065582505505, -38.29517832665118]}, "properties": {"ucl_code": "UCL215044", "ucl_name": "Koroit", "area_sqkm": 2.27}}, {"type": "Feature", "geometry": {"type": "Point", "coordinates": [145.8222325276783, -38.43642817239807]}, "properties": {"ucl_code": "UCL215045", "ucl_name": "Korumburra", "area_sqkm": 5.186}}, {"type": "Feature", "geometry": {"type": "Point", "coordinates": [144.7284250922674, -37.27618720889261]}, "properties": {"ucl_code": "UCL215046", "ucl_name": "Lancefield", "area_sqkm": 2.939}}, {"type": "Feature", "geometry": {"type": "Point", "coordinates": [145.56506291094954, -38.26963542226636]}, "properties": {"ucl_code": "UCL215047", "ucl_name": "Lang Lang", "area_sqkm": 2.67}}, {"type": "Feature", "geometry": {"type": "Point", "coordinates": [145.76820588437695, -38.11248990061988]}, "properties": {"ucl_code": "UCL215048", "ucl_name": "Longwarry", "area_sqkm": 1.889}}, {"type": "Feature", "geometry": {"type": "Point", "coordinates": [143.97091637427403, -38.53599475147686]}, "properties": {"ucl_code": "UCL215049", "ucl_name": "Lorne", "area_sqkm": 4.664}}, {"type": "Feature", "geometry": {"type": "Point", "coordinates": [144.58153136293762, -37.40857880288769]}, "properties": {"ucl_code": "UCL215050", "ucl_name": "Macedon", "area_sqkm": 21.415}}, {"type": "Feature", "geometry": {"type": "Point", "coordinates": [146.9807439663921, -37.9608447087399]}, "properties": {"ucl_code": "UCL215051", "ucl_name": "Maffra", "area_sqkm": 5.553}}, {"type": "Feature", "geometry": {"type": "Point", "coordinates": [144.07137067427144, -36.994175773604866]}, "properties": {"ucl_code": "UCL215052", "ucl_name": "Maldon", "area_sqkm": 7.462}}, {"type": "Feature", "geometry": {"type": "Point", "coordinates": [146.0840621964358, -37.05964866287914]}, "properties": {"ucl_code": "UCL215053", "ucl_name": "Mansfield", "area_sqkm": 12.588}}, {"type": "Feature", "geometry": {"type": "Point", "coordinates": [142.06333354384418, -34.167374599410664]}, "properties": {"ucl_code": "UCL215054", "ucl_name": "Merbein", "area_sqkm": 4.746}}, {"type": "Feature", "geometry": {"type": "Point", "coordinates": [147.83994732769332, -37.88163505634016]}, "properties": {"ucl_code": "UCL215055", "ucl_name": "Metung", "area_sqkm": 7.907}}, {"type": "Feature", "geometry": {"type": "Point", "coordinates": [145.65349316943283, -37.75218260518375]}, "properties": {"ucl_code": "UCL215056", "ucl_name": "Millgrove", "area_sqkm": 2.419}}, {"type": "Feature", "geometry": {"type": "Point", "coordinates": [146.16642380007306, -38.39874427775605]}, "properties": {"ucl_code": "UCL215057", "ucl_name": "Mirboo North", "area_sqkm": 5.964}}, {"type": "Feature", "geometry": {"type": "Point", "coordinates": [142.81445758896626, -38.07638680630781]}, "properties": {"ucl_code": "UCL215058", "ucl_name": "Mortlake", "area_sqkm": 5.353}}, {"type": "Feature", "geometry": {"type": "Point", "coordinates": [147.15287721834062, -36.72120972993163]}, "properties": {"ucl_code": "UCL215059", "ucl_name": "Mount Beauty - Tawonga", "area_sqkm": 13.452}}, {"type": "Feature", "geometry": {"type": "Point", "coordinates": [146.7265672975726, -36.56846248636407]}, "properties": {"ucl_code": "UCL215060", "ucl_name": "Myrtleford", "area_sqkm": 11.332}}, {"type": "Feature", "geometry": {"type": "Point", "coordinates": [145.15545752224892, -36.788017349713385]}, "properties": {"ucl_code": "UCL215061", "ucl_name": "Nagambie", "area_sqkm": 3.315}}, {"type": "Feature", "geometry": {"type": "Point", "coordinates": [145.2057706895988, -36.05615689369468]}, "properties": {"ucl_code": "UCL215062", "ucl_name": "Nathalia", "area_sqkm": 2.663}}, {"type": "Feature", "geometry": {"type": "Point", "coordinates": [145.9519717870362, -38.0174044189674]}, "properties": {"ucl_code": "UCL215063", "ucl_name": "Neerim South", "area_sqkm": 2.552}}, {"type": "Feature", "geometry": {"type": "Point", "coordinates": [141.65817694984847, -36.33722150459757]}, "properties": {"ucl_code": "UCL215064", "ucl_name": "Nhill", "area_sqkm": 3.336}}, {"type": "Feature", "geometry": {"type": "Point", "coordinates": [145.4437362447108, -36.0891212397683]}, "properties": {"ucl_code": "UCL215065", "ucl_name": "Numurkah", "area_sqkm": 6.145}}, {"type": "Feature", "geometry": {"type": "Point", "coordinates": [148.46237090839026, -37.70132937219233]}, "properties": {"ucl_code": "UCL215066", "ucl_name": "Orbost", "area_sqkm": 3.655}}, {"type": "Feature", "geometry": {"type": "Point", "coordinates": [142.31278227760254, -35.068715654192154]}, "properties": {"ucl_code": "UCL215067", "ucl_name": "Ouyen", "area_sqkm": 5.722}}, {"type": "Feature", "geometry": {"type": "Point", "coordinates": [147.72222556135875, -37.906981062883006]}, "properties": {"ucl_code": "UCL215068", "ucl_name": "Paynesville", "area_sqkm": 4.333}}, {"type": "Feature", "geometry": {"type": "Point", "coordinates": [142.2346954864231, -38.376557895232565]}, "properties": {"ucl_code": "UCL215069", "ucl_name": "Port Fairy", "area_sqkm": 9.26}}, {"type": "Feature", "geometry": {"type": "Point", "coordinates": [142.19209064901716, -34.30636154659058]}, "properties": {"ucl_code": "UCL215070", "ucl_name": "Red Cliffs", "area_sqkm": 3.444}}, {"type": "Feature", "geometry": {"type": "Point", "coordinates": [144.67861875769185, -37.44883096481328]}, "properties": {"ucl_code": "UCL215071", "ucl_name": "Riddells Creek", "area_sqkm": 11.159}}, {"type": "Feature", "geometry": {"type": "Point", "coordinates": [142.77642803916962, -34.59079510802011]}, "properties": {"ucl_code": "UCL215072", "ucl_name": "Robinvale", "area_sqkm": 5.821}}, {"type": "Feature", "geometry": {"type": "Point", "coordinates": [144.69994756521254, -36.357172915386684]}, "properties": {"ucl_code": "UCL215073", "ucl_name": "Rochester", "area_sqkm": 6.226}}, {"type": "Feature", "geometry": {"type": "Point", "coordinates": [144.74439534868367, -37.35343341969383]}, "properties": {"ucl_code": "UCL215074", "ucl_name": "Romsey", "area_sqkm": 6.567}}, {"type": "Feature", "geometry": {"type": "Point", "coordinates": [146.7820505342676, -38.153910790759625]}, "properties": {"ucl_code": "UCL215075", "ucl_name": "Rosedale", "area_sqkm": 2.708}}, {"type": "Feature", "geometry": {"type": "Point", "coordinates": [146.4576736549514, -36.058419477872874]}, "properties": {"ucl_code": "UCL215076", "ucl_name": "Rutherglen", "area_sqkm": 5.477}}, {"type": "Feature", "geometry": {"type": "Point", "coordinates": [145.3799525579827, -38.52775565497628]}, "properties": {"ucl_code": "UCL215077", "ucl_name": "San Remo", "area_sqkm": 3.585}}, {"type": "Feature", "geometry": {"type": "Point", "coordinates": [145.45833320184542, -37.77519393153969]}, "properties": {"ucl_code": "UCL215078", "ucl_name": "Seville", "area_sqkm": 1.632}}, {"type": "Feature", "geometry": {"type": "Point", "coordinates": [143.25823157687023, -36.61746217364467]}, "properties": {"ucl_code": "UCL215079", "ucl_name": "St Arnaud", "area_sqkm": 5.39}}, {"type": "Feature", "geometry": {"type": "Point", "coordinates": [147.08795084540571, -37.96751849198999]}, "properties": {"ucl_code": "UCL215080", "ucl_name": "Stratford", "area_sqkm": 4.167}}, {"type": "Feature", "geometry": {"type": "Point", "coordinates": [145.2342450959828, -36.44210934631411]}, "properties": {"ucl_code": "UCL215081", "ucl_name": "Tatura", "area_sqkm": 8.227}}, {"type": "Feature", "geometry": {"type": "Point", "coordinates": [144.04964873390003, -38.02363714988938]}, "properties": {"ucl_code": "UCL215082", "ucl_name": "Teesdale", "area_sqkm": 13.113}}, {"type": "Feature", "geometry": {"type": "Point", "coordinates": [142.91077312953115, -38.24122777838767]}, "properties": {"ucl_code": "UCL215083", "ucl_name": "Terang", "area_sqkm": 9.677}}, {"type": "Feature", "geometry": {"type": "Point", "coordinates": [144.9507755343839, -36.25169962234138]}, "properties": {"ucl_code": "UCL215084", "ucl_name": "Tongala", "area_sqkm": 1.91}}, {"type": "Feature", "geometry": {"type": "Point", "coordinates": [145.37649548801153, -38.210681468185015]}, "properties": {"ucl_code": "UCL215085", "ucl_name": "Tooradin", "area_sqkm": 1.25}}, {"type": "Feature", "geometry": {"type": "Point", "coordinates": [146.156848540565, -38.21035442939534]}, "properties": {"ucl_code": "UCL215086", "ucl_name": "Trafalgar", "area_sqkm": 3.082}}, {"type": "Feature", "geometry": {"type": "Point", "coordinates": [145.02632668805782, -37.35746904434221]}, "properties": {"ucl_code": "UCL215087", "ucl_name": "Wandong - Heathcote Junction", "area_sqkm": 5.347}}, {"type": "Feature", "geometry": {"type": "Point", "coordinates": [145.69779603440435, -37.7537378750469]}, "properties": {"ucl_code": "UCL215088", "ucl_name": "Warburton (Vic.)", "area_sqkm": 9.796}}, {"type": "Feature", "geometry": {"type": "Point", "coordinates": [142.3980258847727, -36.24901042984423]}, "properties": {"ucl_code": "UCL215089", "ucl_name": "Warracknabeal", "area_sqkm": 6.981}}, {"type": "Feature", "geometry": {"type": "Point", "coordinates": [143.99730514451713, -38.24096642996019]}, "properties": {"ucl_code": "UCL215090", "ucl_name": "Winchelsea", "area_sqkm": 6.378}}, {"type": "Feature", "geometry": {"type": "Point", "coordinates": [145.27350896612063, -37.735646478338495]}, "properties": {"ucl_code": "UCL215091", "ucl_name": "Wonga Park", "area_sqkm": 2.252}}, {"type": "Feature", "geometry": {"type": "Point", "coordinates": [144.52931953879323, -37.35327403528507]}, "properties": {"ucl_code": "UCL215092", "ucl_name": "Woodend", "area_sqkm": 6.05}}, {"type": "Feature", "geometry": {"type": "Point", "coordinates": [145.55386160177574, -37.78812487041544]}, "properties": {"ucl_code": "UCL215093", "ucl_name": "Woori Yallock - Launching Place", "area_sqkm": 8.65}}, {"type": "Feature", "geometry": {"type": "Point", "coordinates": [147.0307178176222, -38.10975716430144]}, "properties": {"ucl_code": "UCL215094", "ucl_name": "Wurruk", "area_sqkm": 3.029}}, {"type": "Feature", "geometry": {"type": "Point", "coordinates": [146.360401630777, -38.15742793947709]}, "properties": {"ucl_code": "UCL215095", "ucl_name": "Yallourn North", "area_sqkm": 1.292}}, {"type": "Feature", "geometry": {"type": "Point", "coordinates": [145.37891192692922, -37.65386920919127]}, "properties": {"ucl_code": "UCL215096", "ucl_name": "Yarra Glen", "area_sqkm": 2.729}}, {"type": "Feature", "geometry": {"type": "Point", "coordinates": [145.6335870487144, -37.77933073301327]}, "properties": {"ucl_code": "UCL215097", "ucl_name": "Yarra Junction - Wesburn", "area_sqkm": 9.012}}, {"type": "Feature", "geometry": {"type": "Point", "coordinates": [146.06225102208367, -38.20788681244714]}, "properties": {"ucl_code": "UCL215098", "ucl_name": "Yarragon", "area_sqkm": 1.268}}, {"type": "Feature", "geometry": {"type": "Point", "coordinates": [146.67399253867387, -38.5639756705645]}, "properties": {"ucl_code": "UCL215099", "ucl_name": "Yarram", "area_sqkm": 2.552}}, {"type": "Feature", "geometry": {"type": "Point", "coordinates": [145.41719207210036, -37.21368236652023]}, "properties": {"ucl_code": "UCL215100", "ucl_name": "Yea", "area_sqkm": 3.473}}, {"type": "Feature", "geometry": {"type": "Point", "coordinates": [142.59959880457149, -38.3886263558308]}, "properties": {"ucl_code": "UCL221001", "ucl_name": "Allansford (L)", "area_sqkm": 1.141}}, {"type": "Feature", "geometry": {"type": "Point", "coordinates": [145.22894834701538, -36.900056379981876]}, "properties": {"ucl_code": "UCL221002", "ucl_name": "Avenel (L)", "area_sqkm": 4.79}}, {"type": "Feature", "geometry": {"type": "Point", "coordinates": [146.67384918404667, -36.10508934992126]}, "properties": {"ucl_code": "UCL221003", "ucl_name": "Barnawartha (L)", "area_sqkm": 1.945}}, {"type": "Feature", "geometry": {"type": "Point", "coordinates": [144.27915263992332, -38.09333329660062]}, "properties": {"ucl_code": "UCL221004", "ucl_name": "Batesford (L)", "area_sqkm": 10.964}}, {"type": "Feature", "geometry": {"type": "Point", "coordinates": [142.91239957203962, -35.97938662519766]}, "properties": {"ucl_code": "UCL221005", "ucl_name": "Birchip (L)", "area_sqkm": 3.737}}, {"type": "Feature", "geometry": {"type": "Point", "coordinates": [143.78540676831832, -38.33996960797968]}, "properties": {"ucl_code": "UCL221006", "ucl_name": "Birregurra (L)", "area_sqkm": 1.387}}, {"type": "Feature", "geometry": {"type": "Point", "coordinates": [146.2705152561966, -38.38259932349411]}, "properties": {"ucl_code": "UCL221007", "ucl_name": "Boolarra (L)", "area_sqkm": 1.302}}, {"type": "Feature", "geometry": {"type": "Point", "coordinates": [143.7243288823533, -36.116020375870605]}, "properties": {"ucl_code": "UCL221008", "ucl_name": "Boort (L)", "area_sqkm": 2.358}}, {"type": "Feature", "geometry": {"type": "Point", "coordinates": [147.07488446643055, -37.84395284052188]}, "properties": {"ucl_code": "UCL221009", "ucl_name": "Briagolong (L)", "area_sqkm": 1.119}}, {"type": "Feature", "geometry": {"type": "Point", "coordinates": [147.82403890638892, -37.69994373759505]}, "properties": {"ucl_code": "UCL221010", "ucl_name": "Bruthen (L)", "area_sqkm": 6.598}}, {"type": "Feature", "geometry": {"type": "Point", "coordinates": [142.50618750565638, -38.3207243441293]}, "properties": {"ucl_code": "UCL221011", "ucl_name": "Bushfield - Woodford (L)", "area_sqkm": 3.41}}, {"type": "Feature", "geometry": {"type": "Point", "coordinates": [142.08542784593726, -34.20957015564534]}, "properties": {"ucl_code": "UCL221012", "ucl_name": "Cabarita (L)", "area_sqkm": 4.699}}, {"type": "Feature", "geometry": {"type": "Point", "coordinates": [145.31205169915773, -38.212642108905676]}, "properties": {"ucl_code": "UCL221013", "ucl_name": "Cannons Creek (L)", "area_sqkm": 1.263}}, {"type": "Feature", "geometry": {"type": "Point", "coordinates": [145.61590254569785, -38.67243793818883]}, "properties": {"ucl_code": "UCL221014", "ucl_name": "Cape Paterson (L)", "area_sqkm": 1.416}}, {"type": "Feature", "geometry": {"type": "Point", "coordinates": [144.88918722201396, -38.46629332549911]}, "properties": {"ucl_code": "UCL221015", "ucl_name": "Cape Schanck (L)", "area_sqkm": 4.561}}, {"type": "Feature", "geometry": {"type": "Point", "coordinates": [143.714302163777, -37.51702741900145]}, "properties": {"ucl_code": "UCL221016", "ucl_name": "Cardigan Village (L)", "area_sqkm": 1.729}}, {"type": "Feature", "geometry": {"type": "Point", "coordinates": [143.81443310185756, -37.04477475687854]}, "properties": {"ucl_code": "UCL221017", "ucl_name": "Carisbrook (L)", "area_sqkm": 4.215}}, {"type": "Feature", "geometry": {"type": "Point", "coordinates": [143.3464257428825, -36.266356502606726]}, "properties": {"ucl_code": "UCL221018", "ucl_name": "Charlton (L)", "area_sqkm": 6.195}}, {"type": "Feature", "geometry": {"type": "Point", "coordinates": [143.78937121476986, -37.2947010918156]}, "properties": {"ucl_code": "UCL221019", "ucl_name": "Clunes (L) (Vic.)", "area_sqkm": 3.994}}, {"type": "Feature", "geometry": {"type": "Point", "coordinates": [141.697809447226, -37.60173581996915]}, "properties": {"ucl_code": "UCL221020", "ucl_name": "Coleraine (L)", "area_sqkm": 5.074}}, {"type": "Feature", "geometry": {"type": "Point", "coordinates": [145.54483557784408, -38.56132237247199]}, "properties": {"ucl_code": "UCL221021", "ucl_name": "Dalyston (L)", "area_sqkm": 0.787}}, {"type": "Feature", "geometry": {"type": "Point", "coordinates": [142.34371470590838, -37.64568667554722]}, "properties": {"ucl_code": "UCL221022", "ucl_name": "Dunkeld (L)", "area_sqkm": 6.419}}, {"type": "Feature", "geometry": {"type": "Point", "coordinates": [143.72696639050508, -36.85659225065814]}, "properties": {"ucl_code": "UCL221023", "ucl_name": "Dunolly (L)", "area_sqkm": 4.729}}, {"type": "Feature", "geometry": {"type": "Point", "coordinates": [147.68648145781415, -37.88195004440407]}, "properties": {"ucl_code": "UCL221024", "ucl_name": "Eagle Point (L)", "area_sqkm": 6.865}}, {"type": "Feature", "geometry": {"type": "Point", "coordinates": [141.26610841788113, -37.026642624990714]}, "properties": {"ucl_code": "UCL221025", "ucl_name": "Edenhope (L)", "area_sqkm": 5.978}}, {"type": "Feature", "geometry": {"type": "Point", "coordinates": [145.91185658291067, -37.23311749045759]}, "properties": {"ucl_code": "UCL221026", "ucl_name": "Eildon (L)", "area_sqkm": 4.002}}, {"type": "Feature", "geometry": {"type": "Point", "coordinates": [144.61159058389586, -36.49326969577365]}, "properties": {"ucl_code": "UCL221027", "ucl_name": "Elmore (L)", "area_sqkm": 2.01}}, {"type": "Feature", "geometry": {"type": "Point", "coordinates": [145.0163213387736, -38.47549435000462]}, "properties": {"ucl_code": "UCL221028", "ucl_name": "Flinders (L)", "area_sqkm": 3.006}}, {"type": "Feature", "geometry": {"type": "Point", "coordinates": [146.5689993887762, -38.128469529050534]}, "properties": {"ucl_code": "UCL221029", "ucl_name": "Glengarry (L)", "area_sqkm": 1.094}}, {"type": "Feature", "geometry": {"type": "Point", "coordinates": [147.3972839190984, -38.20450716443567]}, "properties": {"ucl_code": "UCL221030", "ucl_name": "Golden Beach - Paradise Beach (L)", "area_sqkm": 9.867}}, {"type": "Feature", "geometry": {"type": "Point", "coordinates": [144.1071254701541, -37.581218798969815]}, "properties": {"ucl_code": "UCL221031", "ucl_name": "Gordon (L)", "area_sqkm": 1.302}}, {"type": "Feature", "geometry": {"type": "Point", "coordinates": [144.25624051224733, -37.004183555072146]}, "properties": {"ucl_code": "UCL221032", "ucl_name": "Harcourt (L)", "area_sqkm": 2.28}}, {"type": "Feature", "geometry": {"type": "Point", "coordinates": [142.36381191376745, -35.726507215622625]}, "properties": {"ucl_code": "UCL221033", "ucl_name": "Hopetoun (L) (Vic.)", "area_sqkm": 3.245}}, {"type": "Feature", "geometry": {"type": "Point", "coordinates": [144.50114242422472, -37.69419927654677]}, "properties": {"ucl_code": "UCL221034", "ucl_name": "Hopetoun Park (L)", "area_sqkm": 7.424}}, {"type": "Feature", "geometry": {"type": "Point", "coordinates": [143.87149817603108, -36.57411005750858]}, "properties": {"ucl_code": "UCL221035", "ucl_name": "Inglewood (L) (Vic.)", "area_sqkm": 3.526}}, {"type": "Feature", "geometry": {"type": "Point", "coordinates": [144.0582669378337, -38.09781105822805]}, "properties": {"ucl_code": "UCL221036", "ucl_name": "Inverleigh (L)", "area_sqkm": 4.104}}, {"type": "Feature", "geometry": {"type": "Point", "coordinates": [141.23782401608457, -36.37794067752286]}, "properties": {"ucl_code": "UCL221037", "ucl_name": "Kaniva (L)", "area_sqkm": 2.954}}, {"type": "Feature", "geometry": {"type": "Point", "coordinates": [145.2650022091965, -37.47189554747473]}, "properties": {"ucl_code": "UCL221038", "ucl_name": "Kinglake West (L)", "area_sqkm": 6.129}}, {"type": "Feature", "geometry": {"type": "Point", "coordinates": [143.64270639181035, -35.44970972078819]}, "properties": {"ucl_code": "UCL221039", "ucl_name": "Lake Boga (L)", "area_sqkm": 11.195}}, {"type": "Feature", "geometry": {"type": "Point", "coordinates": [148.08235566083923, -37.85861873126622]}, "properties": {"ucl_code": "UCL221040", "ucl_name": "Lake Tyers Beach (L)", "area_sqkm": 1.12}}, {"type": "Feature", "geometry": {"type": "Point", "coordinates": [144.13430383694566, -37.96286628379194]}, "properties": {"ucl_code": "UCL221041", "ucl_name": "Lethbridge (L)", "area_sqkm": 2.85}}, {"type": "Feature", "geometry": {"type": "Point", "coordinates": [147.4502503457004, -37.80064051595173]}, "properties": {"ucl_code": "UCL221042", "ucl_name": "Lindenow (L)", "area_sqkm": 1.393}}, {"type": "Feature", "geometry": {"type": "Point", "coordinates": [147.58494152879007, -38.046696042094055]}, "properties": {"ucl_code": "UCL221043", "ucl_name": "Loch Sport (L)", "area_sqkm": 6.209}}, {"type": "Feature", "geometry": {"type": "Point", "coordinates": [149.74315997767837, -37.54911741508698]}, "properties": {"ucl_code": "UCL221044", "ucl_name": "Mallacoota (L)", "area_sqkm": 6.406}}, {"type": "Feature", "geometry": {"type": "Point", "coordinates": [144.37012821220424, -37.18752466940205]}, "properties": {"ucl_code": "UCL221045", "ucl_name": "Malmsbury (L)", "area_sqkm": 3.034}}, {"type": "Feature", "geometry": {"type": "Point", "coordinates": [144.13423438809997, -36.735770706029406]}, "properties": {"ucl_code": "UCL221046", "ucl_name": "Marong (L)", "area_sqkm": 2.663}}, {"type": "Feature", "geometry": {"type": "Point", "coordinates": [145.6019601548413, -38.035315363287395]}, "properties": {"ucl_code": "UCL221047", "ucl_name": "Maryknoll (L)", "area_sqkm": 3.366}}, {"type": "Feature", "geometry": {"type": "Point", "coordinates": [146.0147898756611, -38.58133773069903]}, "properties": {"ucl_code": "UCL221048", "ucl_name": "Meeniyan (L)", "area_sqkm": 1.826}}, {"type": "Feature", "geometry": {"type": "Point", "coordinates": [144.1696740019046, -38.24722858743163]}, "properties": {"ucl_code": "UCL221049", "ucl_name": "Moriac (L)", "area_sqkm": 1.416}}, {"type": "Feature", "geometry": {"type": "Point", "coordinates": [145.21235039927183, -36.61168134227117]}, "properties": {"ucl_code": "UCL221050", "ucl_name": "Murchison (L)", "area_sqkm": 2.833}}, {"type": "Feature", "geometry": {"type": "Point", "coordinates": [142.47218852044858, -36.62242222167951]}, "properties": {"ucl_code": "UCL221051", "ucl_name": "Murtoa (L)", "area_sqkm": 3.115}}, {"type": "Feature", "geometry": {"type": "Point", "coordinates": [145.56825534361047, -38.08331077619389]}, "properties": {"ucl_code": "UCL221052", "ucl_name": "Nar Nar Goon (L)", "area_sqkm": 0.843}}, {"type": "Feature", "geometry": {"type": "Point", "coordinates": [147.69171993824096, -37.92525705145688]}, "properties": {"ucl_code": "UCL221053", "ucl_name": "Newlands Arm (L)", "area_sqkm": 1.685}}, {"type": "Feature", "geometry": {"type": "Point", "coordinates": [144.06191353688118, -37.11209877332628]}, "properties": {"ucl_code": "UCL221054", "ucl_name": "Newstead (L)", "area_sqkm": 3.316}}, {"type": "Feature", "geometry": {"type": "Point", "coordinates": [142.21360224282583, -34.230698017708306]}, "properties": {"ucl_code": "UCL221055", "ucl_name": "Nichols Point (L)", "area_sqkm": 1.789}}, {"type": "Feature", "geometry": {"type": "Point", "coordinates": [143.34579719578977, -35.18604658119477]}, "properties": {"ucl_code": "UCL221056", "ucl_name": "Nyah West (L)", "area_sqkm": 1.071}}, {"type": "Feature", "geometry": {"type": "Point", "coordinates": [145.67020093853722, -38.333188235528304]}, "properties": {"ucl_code": "UCL221057", "ucl_name": "Nyora (L)", "area_sqkm": 2.45}}, {"type": "Feature", "geometry": {"type": "Point", "coordinates": [146.3817645311711, -36.44735768431149]}, "properties": {"ucl_code": "UCL221058", "ucl_name": "Oxley (L)", "area_sqkm": 1.513}}, {"type": "Feature", "geometry": {"type": "Point", "coordinates": [146.91340459263495, -36.698670366375]}, "properties": {"ucl_code": "UCL221059", "ucl_name": "Porepunkah (L)", "area_sqkm": 1.889}}, {"type": "Feature", "geometry": {"type": "Point", "coordinates": [147.75253280753856, -37.90780753952119]}, "properties": {"ucl_code": "UCL221060", "ucl_name": "Raymond Island (L)", "area_sqkm": 7.599}}, {"type": "Feature", "geometry": {"type": "Point", "coordinates": [145.3040892440101, -38.46520185039347]}, "properties": {"ucl_code": "UCL221061", "ucl_name": "Rhyll (L)", "area_sqkm": 0.918}}, {"type": "Feature", "geometry": {"type": "Point", "coordinates": [145.00969020283486, -36.58214279878828]}, "properties": {"ucl_code": "UCL221062", "ucl_name": "Rushworth (L)", "area_sqkm": 4.55}}, {"type": "Feature", "geometry": {"type": "Point", "coordinates": [142.85240217557555, -35.50559064269915]}, "properties": {"ucl_code": "UCL221063", "ucl_name": "Sea Lake (L)", "area_sqkm": 2.321}}, {"type": "Feature", "geometry": {"type": "Point", "coordinates": [145.49826741591738, -37.775363589025396]}, "properties": {"ucl_code": "UCL221064", "ucl_name": "Seville East (L)", "area_sqkm": 0.748}}, {"type": "Feature", "geometry": {"type": "Point", "coordinates": [145.05424710663686, -38.42430189315455]}, "properties": {"ucl_code": "UCL221065", "ucl_name": "Shoreham (L)", "area_sqkm": 2.864}}, {"type": "Feature", "geometry": {"type": "Point", "coordinates": [143.6714829473488, -37.64831025273763]}, "properties": {"ucl_code": "UCL221066", "ucl_name": "Smythesdale (L)", "area_sqkm": 5.92}}, {"type": "Feature", "geometry": {"type": "Point", "coordinates": [145.47526501138805, -35.926602985857954]}, "properties": {"ucl_code": "UCL221067", "ucl_name": "Strathmerton (L)", "area_sqkm": 1.311}}, {"type": "Feature", "geometry": {"type": "Point", "coordinates": [145.2612033276342, -38.48943818738091]}, "properties": {"ucl_code": "UCL221068", "ucl_name": "Sunset Strip (L)", "area_sqkm": 1.101}}, {"type": "Feature", "geometry": {"type": "Point", "coordinates": [145.28729769619702, -38.50935988357725]}, "properties": {"ucl_code": "UCL221069", "ucl_name": "Surf Beach - Sunderland Bay (L)", "area_sqkm": 1.587}}, {"type": "Feature", "geometry": {"type": "Point", "coordinates": [147.17856336879856, -36.21617579458403]}, "properties": {"ucl_code": "UCL221070", "ucl_name": "Tallangatta (L)", "area_sqkm": 1.603}}, {"type": "Feature", "geometry": {"type": "Point", "coordinates": [142.9759772344264, -38.486078344163076]}, "properties": {"ucl_code": "UCL221071", "ucl_name": "Timboon (L)", "area_sqkm": 2.975}}, {"type": "Feature", "geometry": {"type": "Point", "coordinates": [146.63191774758312, -38.06093043317395]}, "properties": {"ucl_code": "UCL221072", "ucl_name": "Toongabbie (L)", "area_sqkm": 1.531}}, {"type": "Feature", "geometry": {"type": "Point", "coordinates": [146.54834674964854, -38.30887600471135]}, "properties": {"ucl_code": "UCL221073", "ucl_name": "Traralgon South (L)", "area_sqkm": 4.825}}, {"type": "Feature", "geometry": {"type": "Point", "coordinates": [144.31907964797603, -37.385802537161865]}, "properties": {"ucl_code": "UCL221074", "ucl_name": "Trentham (L)", "area_sqkm": 2.346}}, {"type": "Feature", "geometry": {"type": "Point", "coordinates": [145.18380352233592, -38.465130025835506]}, "properties": {"ucl_code": "UCL221075", "ucl_name": "Ventnor (L)", "area_sqkm": 2.873}}, {"type": "Feature", "geometry": {"type": "Point", "coordinates": [145.79377960186844, -38.678573901773014]}, "properties": {"ucl_code": "UCL221076", "ucl_name": "Venus Bay (L)", "area_sqkm": 17.326}}, {"type": "Feature", "geometry": {"type": "Point", "coordinates": [145.71962584469685, -36.63844080861792]}, "properties": {"ucl_code": "UCL221077", "ucl_name": "Violet Town (L)", "area_sqkm": 2.454}}, {"type": "Feature", "geometry": {"type": "Point", "coordinates": [145.3116154754023, -38.22194593385261]}, "properties": {"ucl_code": "UCL221078", "ucl_name": "Warneet (L)", "area_sqkm": 0.632}}, {"type": "Feature", "geometry": {"type": "Point", "coordinates": [143.61338680417992, -36.41798274038429]}, "properties": {"ucl_code": "UCL221079", "ucl_name": "Wedderburn (L)", "area_sqkm": 4.019}}, {"type": "Feature", "geometry": {"type": "Point", "coordinates": [144.6888621620611, -37.97040028507129]}, "properties": {"ucl_code": "UCL221080", "ucl_name": "Werribee South (L)", "area_sqkm": 0.502}}, {"type": "Feature", "geometry": {"type": "Point", "coordinates": [143.22616666890542, -36.07184655425226]}, "properties": {"ucl_code": "UCL221081", "ucl_name": "Wycheproof (L)", "area_sqkm": 2.667}}, {"type": "Feature", "geometry": {"type": "Point", "coordinates": [144.7061850347814, -37.965166496032]}, "properties": {"ucl_code": "UCL221082", "ucl_name": "Wyndham Harbour (L)", "area_sqkm": 0.31}}, {"type": "Feature", "geometry": {"type": "Point", "coordinates": [146.83898342995968, -36.31744846210022]}, "properties": {"ucl_code": "UCL221083", "ucl_name": "Yackandandah (L)", "area_sqkm": 5.78}}, {"type": "Feature", "geometry": {"type": "Point", "coordinates": [146.32548851652604, -38.323930932494356]}, "properties": {"ucl_code": "UCL221084", "ucl_name": "Yinnar (L)", "area_sqkm": 1.236}}, {"type": "Feature", "geometry": {"type": "Point", "coordinates": [145.36039729309545, -36.4435698162149]}, "properties": {"ucl_code": "UCL222001", "ucl_name": "Arcadia Downs (L)", "area_sqkm": 2.414}}, {"type": "Feature", "geometry": {"type": "Point", "coordinates": [144.95974325017445, -38.360779056659524]}, "properties": {"ucl_code": "UCL222002", "ucl_name": "Arthurs Seat (L)", "area_sqkm": 8.815}}, {"type": "Feature", "geometry": {"type": "Point", "coordinates": [144.50292035921638, -36.79069389533335]}, "properties": {"ucl_code": "UCL222003", "ucl_name": "Axedale (L)", "area_sqkm": 1.519}}, {"type": "Feature", "geometry": {"type": "Point", "coordinates": [143.63846063170752, -38.19785893795395]}, "properties": {"ucl_code": "UCL222005", "ucl_name": "Beeac (L)", "area_sqkm": 0.6}}, {"type": "Feature", "geometry": {"type": "Point", "coordinates": [147.06186788942648, -36.099086483518946]}, "properties": {"ucl_code": "UCL222006", "ucl_name": "Bellbridge (L)", "area_sqkm": 0.573}}, {"type": "Feature", "geometry": {"type": "Point", "coordinates": [144.29897349038092, -37.473256286861734]}, "properties": {"ucl_code": "UCL222008", "ucl_name": "Blackwood (L)", "area_sqkm": 5.959}}, {"type": "Feature", "geometry": {"type": "Point", "coordinates": [143.94212625230546, -36.60473044229414]}, "properties": {"ucl_code": "UCL222009", "ucl_name": "Bridgewater (L)", "area_sqkm": 2.462}}, {"type": "Feature", "geometry": {"type": "Point", "coordinates": [144.80315248577193, -37.63545477065454]}, "properties": {"ucl_code": "UCL222010", "ucl_name": "Bulla (L)", "area_sqkm": 0.673}}, {"type": "Feature", "geometry": {"type": "Point", "coordinates": [145.94075391924076, -38.098144362500534]}, "properties": {"ucl_code": "UCL222011", "ucl_name": "Buln Buln (L)", "area_sqkm": 0.688}}, {"type": "Feature", "geometry": {"type": "Point", "coordinates": [146.16905377849503, -36.032360146431316]}, "properties": {"ucl_code": "UCL222012", "ucl_name": "Bundalong (L)", "area_sqkm": 3.151}}, {"type": "Feature", "geometry": {"type": "Point", "coordinates": [145.70918619517465, -37.42266159246519]}, "properties": {"ucl_code": "UCL222013", "ucl_name": "Buxton (L) (Vic.)", "area_sqkm": 1.293}}, {"type": "Feature", "geometry": {"type": "Point", "coordinates": [144.30353344756847, -37.52168490606802]}, "properties": {"ucl_code": "UCL222014", "ucl_name": "Dales Creek (L)", "area_sqkm": 2.079}}, {"type": "Feature", "geometry": {"type": "Point", "coordinates": [146.00719035429913, -38.19147220879645]}, "properties": {"ucl_code": "UCL222015", "ucl_name": "Darnum (L)", "area_sqkm": 1.292}}, {"type": "Feature", "geometry": {"type": "Point", "coordinates": [141.27912307344127, -37.921357349660305]}, "properties": {"ucl_code": "UCL222016", "ucl_name": "Dartmoor (L)", "area_sqkm": 3.396}}, {"type": "Feature", "geometry": {"type": "Point", "coordinates": [145.59360006122319, -37.76145417527741]}, "properties": {"ucl_code": "UCL222019", "ucl_name": "Don Valley (L)", "area_sqkm": 2.343}}, {"type": "Feature", "geometry": {"type": "Point", "coordinates": [145.68388346077018, -36.329982872625564]}, "properties": {"ucl_code": "UCL222020", "ucl_name": "Dookie (L)", "area_sqkm": 1.094}}, {"type": "Feature", "geometry": {"type": "Point", "coordinates": [145.73769707950223, -37.74320389609395]}, "properties": {"ucl_code": "UCL222021", "ucl_name": "East Warburton (L)", "area_sqkm": 1.295}}, {"type": "Feature", "geometry": {"type": "Point", "coordinates": [146.5081348381595, -36.31131298328794]}, "properties": {"ucl_code": "UCL222022", "ucl_name": "Eldorado (L)", "area_sqkm": 3.451}}, {"type": "Feature", "geometry": {"type": "Point", "coordinates": [143.80380368051428, -37.72797320540806]}, "properties": {"ucl_code": "UCL222023", "ucl_name": "Enfield (L)", "area_sqkm": 2.418}}, {"type": "Feature", "geometry": {"type": "Point", "coordinates": [147.2778180179892, -36.86606617552091]}, "properties": {"ucl_code": "UCL222024", "ucl_name": "Falls Creek (L) (Vic.)", "area_sqkm": 2.732}}, {"type": "Feature", "geometry": {"type": "Point", "coordinates": [146.08240889822042, -38.69486142172193]}, "properties": {"ucl_code": "UCL222025", "ucl_name": "Fish Creek (L)", "area_sqkm": 0.839}}, {"type": "Feature", "geometry": {"type": "Point", "coordinates": [146.23843502361518, -36.43183553911566]}, "properties": {"ucl_code": "UCL222026", "ucl_name": "Glenrowan - North (L)", "area_sqkm": 0.958}}, {"type": "Feature", "geometry": {"type": "Point", "coordinates": [146.22441879497734, -36.461852178273375]}, "properties": {"ucl_code": "UCL222027", "ucl_name": "Glenrowan (L)", "area_sqkm": 0.885}}, {"type": "Feature", "geometry": {"type": "Point", "coordinates": [144.50732655486667, -36.6174985291805]}, "properties": {"ucl_code": "UCL222028", "ucl_name": "Goornong (L)", "area_sqkm": 1.141}}, {"type": "Feature", "geometry": {"type": "Point", "coordinates": [141.47353325724873, -36.71909065202874]}, "properties": {"ucl_code": "UCL222029", "ucl_name": "Goroke (L)", "area_sqkm": 0.943}}, {"type": "Feature", "geometry": {"type": "Point", "coordinates": [144.16618155846348, -37.149493345113484]}, "properties": {"ucl_code": "UCL222030", "ucl_name": "Guildford (L)", "area_sqkm": 1.517}}, {"type": "Feature", "geometry": {"type": "Point", "coordinates": [144.36998076763706, -35.95268008617834]}, "properties": {"ucl_code": "UCL222031", "ucl_name": "Gunbower (L)", "area_sqkm": 1.255}}, {"type": "Feature", "geometry": {"type": "Point", "coordinates": [142.51951277583578, -37.140565143538865]}, "properties": {"ucl_code": "UCL222032", "ucl_name": "Halls Gap (L)", "area_sqkm": 4.514}}, {"type": "Feature", "geometry": {"type": "Point", "coordinates": [147.06769248092849, -36.89426594875145]}, "properties": {"ucl_code": "UCL222033", "ucl_name": "Harrietville (L)", "area_sqkm": 1.968}}, {"type": "Feature", "geometry": {"type": "Point", "coordinates": [145.27258441788848, -37.37199765598733]}, "properties": {"ucl_code": "UCL222034", "ucl_name": "Hazeldene (L)", "area_sqkm": 2.226}}, {"type": "Feature", "geometry": {"type": "Point", "coordinates": [141.98574056801718, -36.14383282728582]}, "properties": {"ucl_code": "UCL222035", "ucl_name": "Jeparit (L)", "area_sqkm": 2.233}}, {"type": "Feature", "geometry": {"type": "Point", "coordinates": [145.68680118914764, -36.079807407134524]}, "properties": {"ucl_code": "UCL222036", "ucl_name": "Katamatite (L)", "area_sqkm": 0.652}}, {"type": "Feature", "geometry": {"type": "Point", "coordinates": [145.55982969445085, -36.22565337411033]}, "properties": {"ucl_code": "UCL222037", "ucl_name": "Katandra West (L)", "area_sqkm": 0.492}}, {"type": "Feature", "geometry": {"type": "Point", "coordinates": [145.38629205819723, -36.46551993855603]}, "properties": {"ucl_code": "UCL222038", "ucl_name": "Kialla West (L)", "area_sqkm": 0.547}}, {"type": "Feature", "geometry": {"type": "Point", "coordinates": [147.00470346514686, -36.251031700353984]}, "properties": {"ucl_code": "UCL222039", "ucl_name": "Kiewa (L)", "area_sqkm": 1.168}}, {"type": "Feature", "geometry": {"type": "Point", "coordinates": [145.46863734222987, -38.54673846201512]}, "properties": {"ucl_code": "UCL222040", "ucl_name": "Kilcunda (L)", "area_sqkm": 2.124}}, {"type": "Feature", "geometry": {"type": "Point", "coordinates": [143.72297906659304, -37.428273753325755]}, "properties": {"ucl_code": "UCL222041", "ucl_name": "Learmonth (L)", "area_sqkm": 1.46}}, {"type": "Feature", "geometry": {"type": "Point", "coordinates": [144.30185378587777, -35.906979446083426]}, "properties": {"ucl_code": "UCL222042", "ucl_name": "Leitchville (L)", "area_sqkm": 0.853}}, {"type": "Feature", "geometry": {"type": "Point", "coordinates": [143.56628017232163, -37.68436330514713]}, "properties": {"ucl_code": "UCL222043", "ucl_name": "Linton (L)", "area_sqkm": 2.376}}, {"type": "Feature", "geometry": {"type": "Point", "coordinates": [143.34602310018676, -37.94900843808187]}, "properties": {"ucl_code": "UCL222044", "ucl_name": "Lismore (L) (Vic.)", "area_sqkm": 5.534}}, {"type": "Feature", "geometry": {"type": "Point", "coordinates": [144.5020206467674, -37.96423401689005]}, "properties": {"ucl_code": "UCL222045", "ucl_name": "Little River (L)", "area_sqkm": 0.575}}, {"type": "Feature", "geometry": {"type": "Point", "coordinates": [144.53544070037606, -36.26967454389333]}, "properties": {"ucl_code": "UCL222046", "ucl_name": "Lockington (L)", "area_sqkm": 0.773}}, {"type": "Feature", "geometry": {"type": "Point", "coordinates": [141.9940526433321, -38.03134982440584]}, "properties": {"ucl_code": "UCL222047", "ucl_name": "Macarthur (L)", "area_sqkm": 1.48}}, {"type": "Feature", "geometry": {"type": "Point", "coordinates": [143.65527302453395, -38.77821534300719]}, "properties": {"ucl_code": "UCL222049", "ucl_name": "Marengo (L)", "area_sqkm": 2.595}}, {"type": "Feature", "geometry": {"type": "Point", "coordinates": [148.54496116098136, -37.791666109097136]}, "properties": {"ucl_code": "UCL222050", "ucl_name": "Marlo (L)", "area_sqkm": 2.462}}, {"type": "Feature", "geometry": {"type": "Point", "coordinates": [145.74819772830307, -37.51287316464344]}, "properties": {"ucl_code": "UCL222051", "ucl_name": "Marysville (L)", "area_sqkm": 2.087}}, {"type": "Feature", "geometry": {"type": "Point", "coordinates": [144.08029139762283, -37.84998176845623]}, "properties": {"ucl_code": "UCL222052", "ucl_name": "Meredith (L)", "area_sqkm": 1.98}}, {"type": "Feature", "geometry": {"type": "Point", "coordinates": [145.1302846135731, -36.37286334018101]}, "properties": {"ucl_code": "UCL222053", "ucl_name": "Merrigum (L)", "area_sqkm": 1.334}}, {"type": "Feature", "geometry": {"type": "Point", "coordinates": [146.43266403658401, -36.44199744388458]}, "properties": {"ucl_code": "UCL222054", "ucl_name": "Milawa (L)", "area_sqkm": 1.133}}, {"type": "Feature", "geometry": {"type": "Point", "coordinates": [142.58764935694597, -36.46178981327638]}, "properties": {"ucl_code": "UCL222055", "ucl_name": "Minyip (L)", "area_sqkm": 1.676}}, {"type": "Feature", "geometry": {"type": "Point", "coordinates": [146.4511696607216, -37.136814844282746]}, "properties": {"ucl_code": "UCL222056", "ucl_name": "Mount Buller (L)", "area_sqkm": 22.576}}, {"type": "Feature", "geometry": {"type": "Point", "coordinates": [144.1040460740586, -37.629140359580695]}, "properties": {"ucl_code": "UCL222057", "ucl_name": "Mount Egerton (L)", "area_sqkm": 1.809}}, {"type": "Feature", "geometry": {"type": "Point", "coordinates": [146.378957616847, -36.574384680306125]}, "properties": {"ucl_code": "UCL222059", "ucl_name": "Moyhu (L)", "area_sqkm": 0.391}}, {"type": "Feature", "geometry": {"type": "Point", "coordinates": [141.18117887599792, -35.252527611733]}, "properties": {"ucl_code": "UCL222060", "ucl_name": "Murrayville (L)", "area_sqkm": 6.775}}, {"type": "Feature", "geometry": {"type": "Point", "coordinates": [144.34999028881316, -37.61939388513699]}, "properties": {"ucl_code": "UCL222061", "ucl_name": "Myrniong (L)", "area_sqkm": 0.91}}, {"type": "Feature", "geometry": {"type": "Point", "coordinates": [141.9442592213941, -36.74110121286095]}, "properties": {"ucl_code": "UCL222062", "ucl_name": "Natimuk (L)", "area_sqkm": 1.154}}, {"type": "Feature", "geometry": {"type": "Point", "coordinates": [145.3564113167359, -38.51326786933825]}, "properties": {"ucl_code": "UCL222063", "ucl_name": "Newhaven (L)", "area_sqkm": 0.823}}, {"type": "Feature", "geometry": {"type": "Point", "coordinates": [145.96788246969945, -38.172820915648366]}, "properties": {"ucl_code": "UCL222064", "ucl_name": "Nilma (L)", "area_sqkm": 0.8}}, {"type": "Feature", "geometry": {"type": "Point", "coordinates": [142.93536160907465, -38.189968049068426]}, "properties": {"ucl_code": "UCL222065", "ucl_name": "Noorat (L)", "area_sqkm": 1.241}}, {"type": "Feature", "geometry": {"type": "Point", "coordinates": [143.37928866981468, -35.172038212733696]}, "properties": {"ucl_code": "UCL222066", "ucl_name": "Nyah (L)", "area_sqkm": 0.695}}, {"type": "Feature", "geometry": {"type": "Point", "coordinates": [147.5953678036576, -37.099569191915606]}, "properties": {"ucl_code": "UCL222067", "ucl_name": "Omeo (L)", "area_sqkm": 1.782}}, {"type": "Feature", "geometry": {"type": "Point", "coordinates": [145.2405649762839, -37.64164342049446]}, "properties": {"ucl_code": "UCL222068", "ucl_name": "Panton Hill (L)", "area_sqkm": 0.449}}, {"type": "Feature", "geometry": {"type": "Point", "coordinates": [142.28674143107463, -37.87636805054147]}, "properties": {"ucl_code": "UCL222069", "ucl_name": "Penshurst (L)", "area_sqkm": 3.779}}, {"type": "Feature", "geometry": {"type": "Point", "coordinates": [142.87613275875705, -38.60082704397785]}, "properties": {"ucl_code": "UCL222070", "ucl_name": "Peterborough (L)", "area_sqkm": 1.805}}, {"type": "Feature", "geometry": {"type": "Point", "coordinates": [145.76303436006566, -38.33968545686837]}, "properties": {"ucl_code": "UCL222071", "ucl_name": "Poowong (L)", "area_sqkm": 1.129}}, {"type": "Feature", "geometry": {"type": "Point", "coordinates": [146.6903224774873, -38.66923297753806]}, "properties": {"ucl_code": "UCL222072", "ucl_name": "Port Albert (L)", "area_sqkm": 0.714}}, {"type": "Feature", "geometry": {"type": "Point", "coordinates": [142.99816024565632, -38.61854321090799]}, "properties": {"ucl_code": "UCL222073", "ucl_name": "Port Campbell (L)", "area_sqkm": 1.863}}, {"type": "Feature", "geometry": {"type": "Point", "coordinates": [145.74537972576127, -37.861731267432454]}, "properties": {"ucl_code": "UCL222074", "ucl_name": "Powelltown (L)", "area_sqkm": 1.257}}, {"type": "Feature", "geometry": {"type": "Point", "coordinates": [144.85914577215667, -37.126350871049766]}, "properties": {"ucl_code": "UCL222075", "ucl_name": "Pyalong (L)", "area_sqkm": 4.079}}, {"type": "Feature", "geometry": {"type": "Point", "coordinates": [144.11426916939112, -36.055122284792645]}, "properties": {"ucl_code": "UCL222076", "ucl_name": "Pyramid Hill (L)", "area_sqkm": 0.941}}, {"type": "Feature", "geometry": {"type": "Point", "coordinates": [141.9950441614588, -35.900089430740564]}, "properties": {"ucl_code": "UCL222077", "ucl_name": "Rainbow (L)", "area_sqkm": 2.077}}, {"type": "Feature", "geometry": {"type": "Point", "coordinates": [146.39743964362765, -37.95642280615452]}, "properties": {"ucl_code": "UCL222078", "ucl_name": "Rawson (L)", "area_sqkm": 1.019}}, {"type": "Feature", "geometry": {"type": "Point", "coordinates": [145.02750861758875, -38.379355990727134]}, "properties": {"ucl_code": "UCL222079", "ucl_name": "Red Hill South (L)", "area_sqkm": 0.666}}, {"type": "Feature", "geometry": {"type": "Point", "coordinates": [142.63102218911354, -36.6308368168153]}, "properties": {"ucl_code": "UCL222080", "ucl_name": "Rupanyup (L)", "area_sqkm": 1.394}}, {"type": "Feature", "geometry": {"type": "Point", "coordinates": [146.12284359439806, -38.82866466079233]}, "properties": {"ucl_code": "UCL222081", "ucl_name": "Sandy Point (L)", "area_sqkm": 1.085}}, {"type": "Feature", "geometry": {"type": "Point", "coordinates": [146.3461615256008, -37.11234623259659]}, "properties": {"ucl_code": "UCL222082", "ucl_name": "Sawmill Settlement (L)", "area_sqkm": 3.602}}, {"type": "Feature", "geometry": {"type": "Point", "coordinates": [145.47802354147302, -36.39772436901424]}, "properties": {"ucl_code": "UCL222083", "ucl_name": "Shepparton East (L)", "area_sqkm": 0.56}}, {"type": "Feature", "geometry": {"type": "Point", "coordinates": [143.3624662981859, -37.677786713012246]}, "properties": {"ucl_code": "UCL222084", "ucl_name": "Skipton (L)", "area_sqkm": 3.632}}, {"type": "Feature", "geometry": {"type": "Point", "coordinates": [145.255867503552, -38.50089485713745]}, "properties": {"ucl_code": "UCL222085", "ucl_name": "Smiths Beach (L)", "area_sqkm": 0.74}}, {"type": "Feature", "geometry": {"type": "Point", "coordinates": [145.27954642158886, -37.6032750829332]}, "properties": {"ucl_code": "UCL222086", "ucl_name": "St Andrews (L)", "area_sqkm": 2.867}}, {"type": "Feature", "geometry": {"type": "Point", "coordinates": [144.98646977660155, -36.447106095440034]}, "properties": {"ucl_code": "UCL222087", "ucl_name": "Stanhope (L)", "area_sqkm": 1.531}}, {"type": "Feature", "geometry": {"type": "Point", "coordinates": [143.69372282255043, -37.16824283409012]}, "properties": {"ucl_code": "UCL222088", "ucl_name": "Talbot (L)", "area_sqkm": 3.048}}, {"type": "Feature", "geometry": {"type": "Point", "coordinates": [145.10461722397943, -37.093915332602194]}, "properties": {"ucl_code": "UCL222089", "ucl_name": "Tallarook (L)", "area_sqkm": 1.413}}, {"type": "Feature", "geometry": {"type": "Point", "coordinates": [145.43575310065944, -36.23883901539436]}, "properties": {"ucl_code": "UCL222090", "ucl_name": "Tallygaroopna (L)", "area_sqkm": 0.356}}, {"type": "Feature", "geometry": {"type": "Point", "coordinates": [147.0275828020982, -36.24843650788958]}, "properties": {"ucl_code": "UCL222091", "ucl_name": "Tangambalanga (L)", "area_sqkm": 0.752}}, {"type": "Feature", "geometry": {"type": "Point", "coordinates": [145.3417153797227, -36.48945135497138]}, "properties": {"ucl_code": "UCL222092", "ucl_name": "Toolamba (L)", "area_sqkm": 0.716}}, {"type": "Feature", "geometry": {"type": "Point", "coordinates": [146.3258351032839, -38.66325921460344]}, "properties": {"ucl_code": "UCL222093", "ucl_name": "Toora (L)", "area_sqkm": 1.096}}, {"type": "Feature", "geometry": {"type": "Point", "coordinates": [145.8800898169211, -36.16469266582591]}, "properties": {"ucl_code": "UCL222094", "ucl_name": "Tungamah (L)", "area_sqkm": 1.122}}, {"type": "Feature", "geometry": {"type": "Point", "coordinates": [144.40740285141595, -37.32607085710292]}, "properties": {"ucl_code": "UCL222096", "ucl_name": "Tylden (L)", "area_sqkm": 1.884}}, {"type": "Feature", "geometry": {"type": "Point", "coordinates": [145.62616868504034, -38.08090216528814]}, "properties": {"ucl_code": "UCL222097", "ucl_name": "Tynong (L)", "area_sqkm": 0.646}}, {"type": "Feature", "geometry": {"type": "Point", "coordinates": [146.97814067381182, -36.77441135182085]}, "properties": {"ucl_code": "UCL222098", "ucl_name": "Wandiligong (L)", "area_sqkm": 3.138}}, {"type": "Feature", "geometry": {"type": "Point", "coordinates": [145.0664030342852, -37.30049335113108]}, "properties": {"ucl_code": "UCL222099", "ucl_name": "Waterford Park (L)", "area_sqkm": 0.19}}, {"type": "Feature", "geometry": {"type": "Point", "coordinates": [142.73703418147682, -37.550591138841185]}, "properties": {"ucl_code": "UCL222100", "ucl_name": "Willaura (L)", "area_sqkm": 1.892}}, {"type": "Feature", "geometry": {"type": "Point", "coordinates": [146.1799774602735, -38.07059091554872]}, "properties": {"ucl_code": "UCL222101", "ucl_name": "Willow Grove (L)", "area_sqkm": 0.641}}, {"type": "Feature", "geometry": {"type": "Point", "coordinates": [145.23415902581326, -38.480885445516236]}, "properties": {"ucl_code": "UCL222102", "ucl_name": "Wimbledon Heights (L)", "area_sqkm": 0.336}}, {"type": "Feature", "geometry": {"type": "Point", "coordinates": [145.26891836487198, -37.750357833110684]}, "properties": {"ucl_code": "UCL222103", "ucl_name": "Wonga Park - South (L)", "area_sqkm": 0.272}}, {"type": "Feature", "geometry": {"type": "Point", "coordinates": [143.4521651493502, -35.291919232604826]}, "properties": {"ucl_code": "UCL222104", "ucl_name": "Woorinen South (L)", "area_sqkm": 0.663}}, {"type": "Feature", "geometry": {"type": "Point", "coordinates": [145.43067660531145, -36.15438566400741]}, "properties": {"ucl_code": "UCL222105", "ucl_name": "Wunghnu (L)", "area_sqkm": 0.765}}, {"type": "Feature", "geometry": {"type": "Point", "coordinates": [153.03915208076887, -27.382013012422966]}, "properties": {"ucl_code": "UCL301001", "ucl_name": "Brisbane", "area_sqkm": 2026.922}}, {"type": "Feature", "geometry": {"type": "Point", "coordinates": [153.3661042458362, -27.95422448063843]}, "properties": {"ucl_code": "UCL302001", "ucl_name": "Gold Coast - Tweed Heads (Gold Coast Part)", "area_sqkm": 552.708}}, {"type": "Feature", "geometry": {"type": "Point", "coordinates": [153.07717512316026, -26.60644035968746]}, "properties": {"ucl_code": "UCL302002", "ucl_name": "Sunshine Coast", "area_sqkm": 368.726}}, {"type": "Feature", "geometry": {"type": "Point", "coordinates": [145.73518023809947, -16.886595510017074]}, "properties": {"ucl_code": "UCL303001", "ucl_name": "Cairns", "area_sqkm": 198.577}}, {"type": "Feature", "geometry": {"type": "Point", "coordinates": [151.92867079603485, -27.573313583183232]}, "properties": {"ucl_code": "UCL303002", "ucl_name": "Toowoomba", "area_sqkm": 119.912}}, {"type": "Feature", "geometry": {"type": "Point", "coordinates": [146.75865771396624, -19.29680382808626]}, "properties": {"ucl_code": "UCL303003", "ucl_name": "Townsville", "area_sqkm": 265.959}}, {"type": "Feature", "geometry": {"type": "Point", "coordinates": [152.3396977279055, -24.886226351316452]}, "properties": {"ucl_code": "UCL311001", "ucl_name": "Bundaberg", "area_sqkm": 104.393}}, {"type": "Feature", "geometry": {"type": "Point", "coordinates": [152.8047027137256, -25.290658055890262]}, "properties": {"ucl_code": "UCL311002", "ucl_name": "Hervey Bay", "area_sqkm": 93.216}}, {"type": "Feature", "geometry": {"type": "Point", "coordinates": [149.17097272808064, -21.071405024362953]}, "properties": {"ucl_code": "UCL311003", "ucl_name": "Mackay", "area_sqkm": 135.954}}, {"type": "Feature", "geometry": {"type": "Point", "coordinates": [150.52232302863408, -23.339402205406177]}, "properties": {"ucl_code": "UCL311004", "ucl_name": "Rockhampton", "area_sqkm": 95.705}}, {"type": "Feature", "geometry": {"type": "Point", "coordinates": [153.15692849997043, -27.060609578300323]}, "properties": {"ucl_code": "UCL312001", "ucl_name": "Bongaree - Woorim", "area_sqkm": 27.17}}, {"type": "Feature", "geometry": {"type": "Point", "coordinates": [151.26132826920673, -23.869115234650195]}, "properties": {"ucl_code": "UCL312002", "ucl_name": "Gladstone (Qld)", "area_sqkm": 101.885}}, {"type": "Feature", "geometry": {"type": "Point", "coordinates": [152.7023311574861, -25.539557264911643]}, "properties": {"ucl_code": "UCL312003", "ucl_name": "Maryborough (Qld)", "area_sqkm": 35.533}}, {"type": "Feature", "geometry": {"type": "Point", "coordinates": [152.9532551357495, -26.63383442912617]}, "properties": {"ucl_code": "UCL312004", "ucl_name": "Nambour", "area_sqkm": 23.685}}, {"type": "Feature", "geometry": {"type": "Point", "coordinates": [148.69477311089256, -20.279332002719393]}, "properties": {"ucl_code": "UCL313001", "ucl_name": "Airlie Beach - Cannonvale", "area_sqkm": 20.242}}, {"type": "Feature", "geometry": {"type": "Point", "coordinates": [152.46653979884218, -24.84582134951047]}, "properties": {"ucl_code": "UCL313002", "ucl_name": "Bargara - Innes Park", "area_sqkm": 21.11}}, {"type": "Feature", "geometry": {"type": "Point", "coordinates": [151.26207314290707, -27.169518266747865]}, "properties": {"ucl_code": "UCL313003", "ucl_name": "Dalby", "area_sqkm": 138.87}}, {"type": "Feature", "geometry": {"type": "Point", "coordinates": [148.1612169177235, -23.528335162086034]}, "properties": {"ucl_code": "UCL313004", "ucl_name": "Emerald", "area_sqkm": 38.982}}, {"type": "Feature", "geometry": {"type": "Point", "coordinates": [150.4542817723775, -23.455200172592342]}, "properties": {"ucl_code": "UCL313005", "ucl_name": "Gracemere", "area_sqkm": 22.459}}, {"type": "Feature", "geometry": {"type": "Point", "coordinates": [152.66397690639772, -26.198717658852786]}, "properties": {"ucl_code": "UCL313006", "ucl_name": "Gympie", "area_sqkm": 36.75}}, {"type": "Feature", "geometry": {"type": "Point", "coordinates": [151.9456961183102, -27.45769384166703]}, "properties": {"ucl_code": "UCL313007", "ucl_name": "Highfields", "area_sqkm": 16.549}}, {"type": "Feature", "geometry": {"type": "Point", "coordinates": [151.84435910314727, -26.543224335036072]}, "properties": {"ucl_code": "UCL313008", "ucl_name": "Kingaroy", "area_sqkm": 29.663}}, {"type": "Feature", "geometry": {"type": "Point", "coordinates": [139.50251569533503, -20.714705405872316]}, "properties": {"ucl_code": "UCL313009", "ucl_name": "Mount Isa", "area_sqkm": 33.691}}, {"type": "Feature", "geometry": {"type": "Point", "coordinates": [152.02556499880833, -28.21874216831341]}, "properties": {"ucl_code": "UCL313010", "ucl_name": "Warwick", "area_sqkm": 37.195}}, {"type": "Feature", "geometry": {"type": "Point", "coordinates": [153.11194322870494, -27.806156951266416]}, "properties": {"ucl_code": "UCL313011", "ucl_name": "Yarrabilba", "area_sqkm": 4.365}}, {"type": "Feature", "geometry": {"type": "Point", "coordinates": [150.7074754521746, -23.13367866899104]}, "properties": {"ucl_code": "UCL313012", "ucl_name": "Yeppoon", "area_sqkm": 42.807}}, {"type": "Feature", "geometry": {"type": "Point", "coordinates": [145.48200825619443, -17.26261160998896]}, "properties": {"ucl_code": "UCL314001", "ucl_name": "Atherton", "area_sqkm": 12.329}}, {"type": "Feature", "geometry": {"type": "Point", "coordinates": [147.39816551371024, -19.57288926904785]}, "properties": {"ucl_code": "UCL314002", "ucl_name": "Ayr", "area_sqkm": 21.196}}, {"type": "Feature", "geometry": {"type": "Point", "coordinates": [152.99118293799137, -27.965536866174876]}, "properties": {"ucl_code": "UCL314003", "ucl_name": "Beaudesert", "area_sqkm": 15.568}}, {"type": "Feature", "geometry": {"type": "Point", "coordinates": [152.93993374411411, -26.86269242649653]}, "properties": {"ucl_code": "UCL314004", "ucl_name": "Beerwah", "area_sqkm": 8.558}}, {"type": "Feature", "geometry": {"type": "Point", "coordinates": [150.517617388078, -24.390055180935057]}, "properties": {"ucl_code": "UCL314005", "ucl_name": "Biloela", "area_sqkm": 14.785}}, {"type": "Feature", "geometry": {"type": "Point", "coordinates": [148.2212872055681, -20.022126246287264]}, "properties": {"ucl_code": "UCL314006", "ucl_name": "Bowen", "area_sqkm": 45.133}}, {"type": "Feature", "geometry": {"type": "Point", "coordinates": [146.27031846127386, -20.068751683435334]}, "properties": {"ucl_code": "UCL314007", "ucl_name": "Charters Towers", "area_sqkm": 41.859}}, {"type": "Feature", "geometry": {"type": "Point", "coordinates": [150.6278649966843, -26.745450713271065]}, "properties": {"ucl_code": "UCL314008", "ucl_name": "Chinchilla", "area_sqkm": 11.235}}, {"type": "Feature", "geometry": {"type": "Point", "coordinates": [152.9624818821419, -27.806631526340727]}, "properties": {"ucl_code": "UCL314009", "ucl_name": "Flagstone", "area_sqkm": 19.604}}, {"type": "Feature", "geometry": {"type": "Point", "coordinates": [152.28182656889442, -27.566719127326284]}, "properties": {"ucl_code": "UCL314010", "ucl_name": "Gatton", "area_sqkm": 8.629}}, {"type": "Feature", "geometry": {"type": "Point", "coordinates": [150.2917172884763, -28.53217774883267]}, "properties": {"ucl_code": "UCL314011", "ucl_name": "Goondiwindi", "area_sqkm": 20.059}}, {"type": "Feature", "geometry": {"type": "Point", "coordinates": [145.7752226042156, -17.10793773787694]}, "properties": {"ucl_code": "UCL314012", "ucl_name": "Gordonvale", "area_sqkm": 14.474}}, {"type": "Feature", "geometry": {"type": "Point", "coordinates": [146.01629650825592, -17.52512626245684]}, "properties": {"ucl_code": "UCL314013", "ucl_name": "Innisfail", "area_sqkm": 10.284}}, {"type": "Feature", "geometry": {"type": "Point", "coordinates": [153.0269577210795, -27.84897144572169]}, "properties": {"ucl_code": "UCL314014", "ucl_name": "Jimboomba", "area_sqkm": 28.448}}, {"type": "Feature", "geometry": {"type": "Point", "coordinates": [152.45727618257104, -27.53935439049284]}, "properties": {"ucl_code": "UCL314015", "ucl_name": "Kensington Grove - Regency Downs", "area_sqkm": 24.309}}, {"type": "Feature", "geometry": {"type": "Point", "coordinates": [145.42632762647133, -17.00307220604867]}, "properties": {"ucl_code": "UCL314016", "ucl_name": "Mareeba", "area_sqkm": 13.925}}, {"type": "Feature", "geometry": {"type": "Point", "coordinates": [148.03897887834216, -21.996865447394207]}, "properties": {"ucl_code": "UCL314017", "ucl_name": "Moranbah", "area_sqkm": 12.537}}, {"type": "Feature", "geometry": {"type": "Point", "coordinates": [153.25081645478903, -27.636100912982947]}, "properties": {"ucl_code": "UCL314018", "ucl_name": "Mount Cotton", "area_sqkm": 5.55}}, {"type": "Feature", "geometry": {"type": "Point", "coordinates": [152.9612030653643, -26.684466991240576]}, "properties": {"ucl_code": "UCL314019", "ucl_name": "Palmwoods", "area_sqkm": 7.309}}, {"type": "Feature", "geometry": {"type": "Point", "coordinates": [148.77920694086242, -26.560072542373476]}, "properties": {"ucl_code": "UCL314020", "ucl_name": "Roma", "area_sqkm": 37.341}}, {"type": "Feature", "geometry": {"type": "Point", "coordinates": [153.08220009156906, -27.069131527996696]}, "properties": {"ucl_code": "UCL314021", "ucl_name": "Sandstone Point - Ningi", "area_sqkm": 36.502}}, {"type": "Feature", "geometry": {"type": "Point", "coordinates": [153.19704522396881, -27.950751956374205]}, "properties": {"ucl_code": "UCL314022", "ucl_name": "Tamborine Mountain", "area_sqkm": 35.968}}, {"type": "Feature", "geometry": {"type": "Point", "coordinates": [151.32224893059487, -23.926250733868997]}, "properties": {"ucl_code": "UCL314023", "ucl_name": "Tannum Sands - Boyne Island", "area_sqkm": 53.695}}, {"type": "Feature", "geometry": {"type": "Point", "coordinates": [151.8965651431862, -24.206995808773364]}, "properties": {"ucl_code": "UCL315001", "ucl_name": "Agnes Water", "area_sqkm": 3.841}}, {"type": "Feature", "geometry": {"type": "Point", "coordinates": [146.6010991830446, -19.335709310664196]}, "properties": {"ucl_code": "UCL315002", "ucl_name": "Alice River", "area_sqkm": 9.256}}, {"type": "Feature", "geometry": {"type": "Point", "coordinates": [146.29750512002033, -18.69720830330389]}, "properties": {"ucl_code": "UCL315003", "ucl_name": "Allingham", "area_sqkm": 5.005}}, {"type": "Feature", "geometry": {"type": "Point", "coordinates": [141.71836389653146, -13.341384447146172]}, "properties": {"ucl_code": "UCL315004", "ucl_name": "Aurukun", "area_sqkm": 30.543}}, {"type": "Feature", "geometry": {"type": "Point", "coordinates": [145.92326522583127, -17.34169724500988]}, "properties": {"ucl_code": "UCL315005", "ucl_name": "Babinda", "area_sqkm": 2.873}}, {"type": "Feature", "geometry": {"type": "Point", "coordinates": [142.3918938517853, -10.889408969362494]}, "properties": {"ucl_code": "UCL315006", "ucl_name": "Bamaga", "area_sqkm": 10.053}}, {"type": "Feature", "geometry": {"type": "Point", "coordinates": [153.04500657488848, -27.128954729245827]}, "properties": {"ucl_code": "UCL315007", "ucl_name": "Beachmere", "area_sqkm": 5.349}}, {"type": "Feature", "geometry": {"type": "Point", "coordinates": [148.88061209922495, -23.581821105510144]}, "properties": {"ucl_code": "UCL315008", "ucl_name": "Blackwater", "area_sqkm": 12.577}}, {"type": "Feature", "geometry": {"type": "Point", "coordinates": [152.6720073948269, -28.003730915415186]}, "properties": {"ucl_code": "UCL315009", "ucl_name": "Boonah", "area_sqkm": 8.561}}, {"type": "Feature", "geometry": {"type": "Point", "coordinates": [152.40562608641434, -24.777511960002727]}, "properties": {"ucl_code": "UCL315010", "ucl_name": "Burnett Heads", "area_sqkm": 16.081}}, {"type": "Feature", "geometry": {"type": "Point", "coordinates": [152.60586299506826, -25.18898438599515]}, "properties": {"ucl_code": "UCL315011", "ucl_name": "Burrum Heads", "area_sqkm": 1.45}}, {"type": "Feature", "geometry": {"type": "Point", "coordinates": [151.19975395897913, -24.000063741957632]}, "properties": {"ucl_code": "UCL315012", "ucl_name": "Calliope", "area_sqkm": 7.052}}, {"type": "Feature", "geometry": {"type": "Point", "coordinates": [151.86315399520817, -27.712464827021748]}, "properties": {"ucl_code": "UCL315013", "ucl_name": "Cambooya", "area_sqkm": 2.484}}, {"type": "Feature", "geometry": {"type": "Point", "coordinates": [146.0242907492871, -18.263439445224527]}, "properties": {"ucl_code": "UCL315014", "ucl_name": "Cardwell", "area_sqkm": 4.856}}, {"type": "Feature", "geometry": {"type": "Point", "coordinates": [152.9902914021867, -27.860926577815825]}, "properties": {"ucl_code": "UCL315015", "ucl_name": "Cedar Grove", "area_sqkm": 11.123}}, {"type": "Feature", "geometry": {"type": "Point", "coordinates": [153.0017567076225, -27.880269170831735]}, "properties": {"ucl_code": "UCL315016", "ucl_name": "Cedar Vale", "area_sqkm": 8.612}}, {"type": "Feature", "geometry": {"type": "Point", "coordinates": [146.25217097258965, -26.4044708819767]}, "properties": {"ucl_code": "UCL315017", "ucl_name": "Charleville", "area_sqkm": 13.045}}, {"type": "Feature", "geometry": {"type": "Point", "coordinates": [151.92914204349637, -26.287484727915153]}, "properties": {"ucl_code": "UCL315018", "ucl_name": "Cherbourg", "area_sqkm": 31.6}}, {"type": "Feature", "geometry": {"type": "Point", "coordinates": [152.273882801375, -25.23593838781646]}, "properties": {"ucl_code": "UCL315019", "ucl_name": "Childers", "area_sqkm": 2.124}}, {"type": "Feature", "geometry": {"type": "Point", "coordinates": [147.6395748555688, -22.826844420722736]}, "properties": {"ucl_code": "UCL315020", "ucl_name": "Clermont", "area_sqkm": 4.916}}, {"type": "Feature", "geometry": {"type": "Point", "coordinates": [151.90704072629623, -27.933629853828133]}, "properties": {"ucl_code": "UCL315021", "ucl_name": "Clifton", "area_sqkm": 4.103}}, {"type": "Feature", "geometry": {"type": "Point", "coordinates": [140.50912347930125, -20.69001545264389]}, "properties": {"ucl_code": "UCL315022", "ucl_name": "Cloncurry", "area_sqkm": 14.784}}, {"type": "Feature", "geometry": {"type": "Point", "coordinates": [147.84706050947187, -20.553982762084935]}, "properties": {"ucl_code": "UCL315023", "ucl_name": "Collinsville", "area_sqkm": 2.789}}, {"type": "Feature", "geometry": {"type": "Point", "coordinates": [145.25848220378037, -15.474059577709237]}, "properties": {"ucl_code": "UCL315024", "ucl_name": "Cooktown", "area_sqkm": 10.369}}, {"type": "Feature", "geometry": {"type": "Point", "coordinates": [152.97964327809876, -25.973720014155766]}, "properties": {"ucl_code": "UCL315025", "ucl_name": "Cooloola Village", "area_sqkm": 4.633}}, {"type": "Feature", "geometry": {"type": "Point", "coordinates": [152.90496280018664, -26.416616444535954]}, "properties": {"ucl_code": "UCL315026", "ucl_name": "Cooroy", "area_sqkm": 6.494}}, {"type": "Feature", "geometry": {"type": "Point", "coordinates": [152.05184311208103, -27.265231423722028]}, "properties": {"ucl_code": "UCL315027", "ucl_name": "Crows Nest", "area_sqkm": 5.101}}, {"type": "Feature", "geometry": {"type": "Point", "coordinates": [152.80975203439345, -26.98518631958108]}, "properties": {"ucl_code": "UCL315028", "ucl_name": "D'Aguilar", "area_sqkm": 5.856}}, {"type": "Feature", "geometry": {"type": "Point", "coordinates": [152.8144370676575, -27.199280077964143]}, "properties": {"ucl_code": "UCL315029", "ucl_name": "Dayboro", "area_sqkm": 9.533}}, {"type": "Feature", "geometry": {"type": "Point", "coordinates": [138.8351606713058, -17.944452359806203]}, "properties": {"ucl_code": "UCL315030", "ucl_name": "Doomadgee", "area_sqkm": 4.998}}, {"type": "Feature", "geometry": {"type": "Point", "coordinates": [148.35268626310224, -22.58623729904293]}, "properties": {"ucl_code": "UCL315031", "ucl_name": "Dysart", "area_sqkm": 6.396}}, {"type": "Feature", "geometry": {"type": "Point", "coordinates": [150.81125552383827, -23.272891219520986]}, "properties": {"ucl_code": "UCL315032", "ucl_name": "Emu Park", "area_sqkm": 15.074}}, {"type": "Feature", "geometry": {"type": "Point", "coordinates": [152.4147977136434, -27.243452396275117]}, "properties": {"ucl_code": "UCL315033", "ucl_name": "Esk", "area_sqkm": 6.373}}, {"type": "Feature", "geometry": {"type": "Point", "coordinates": [152.9500344450289, -26.481612659054527]}, "properties": {"ucl_code": "UCL315034", "ucl_name": "Eumundi", "area_sqkm": 3.403}}, {"type": "Feature", "geometry": {"type": "Point", "coordinates": [152.65861306603796, -27.456286783368427]}, "properties": {"ucl_code": "UCL315035", "ucl_name": "Fernvale", "area_sqkm": 5.523}}, {"type": "Feature", "geometry": {"type": "Point", "coordinates": [151.60276188977753, -25.625303686714428]}, "properties": {"ucl_code": "UCL315036", "ucl_name": "Gayndah", "area_sqkm": 7.956}}, {"type": "Feature", "geometry": {"type": "Point", "coordinates": [152.96780164101654, -26.908265131731]}, "properties": {"ucl_code": "UCL315037", "ucl_name": "Glass House Mountains", "area_sqkm": 11.123}}, {"type": "Feature", "geometry": {"type": "Point", "coordinates": [151.8972531344724, -27.479561837273604]}, "properties": {"ucl_code": "UCL315038", "ucl_name": "Gowrie Junction", "area_sqkm": 9.529}}, {"type": "Feature", "geometry": {"type": "Point", "coordinates": [139.1775314128413, -16.65879291920377]}, "properties": {"ucl_code": "UCL315039", "ucl_name": "Gununa", "area_sqkm": 6.207}}, {"type": "Feature", "geometry": {"type": "Point", "coordinates": [148.95613362912832, -20.35413764264041]}, "properties": {"ucl_code": "UCL315040", "ucl_name": "Hamilton Island", "area_sqkm": 7.075}}, {"type": "Feature", "geometry": {"type": "Point", "coordinates": [149.270293837711, -21.298069042980533]}, "properties": {"ucl_code": "UCL315041", "ucl_name": "Hay Point", "area_sqkm": 24.604}}, {"type": "Feature", "geometry": {"type": "Point", "coordinates": [147.41617552918177, -19.661499371206858]}, "properties": {"ucl_code": "UCL315042", "ucl_name": "Home Hill", "area_sqkm": 4.111}}, {"type": "Feature", "geometry": {"type": "Point", "coordinates": [152.55832221227968, -25.317915051174005]}, "properties": {"ucl_code": "UCL315043", "ucl_name": "Howard", "area_sqkm": 2.095}}, {"type": "Feature", "geometry": {"type": "Point", "coordinates": [146.13653045753802, -18.660304773670365]}, "properties": {"ucl_code": "UCL315044", "ucl_name": "Ingham", "area_sqkm": 19.62}}, {"type": "Feature", "geometry": {"type": "Point", "coordinates": [153.36629076794281, -27.78562073565825]}, "properties": {"ucl_code": "UCL315045", "ucl_name": "Jacobs Well", "area_sqkm": 6.386}}, {"type": "Feature", "geometry": {"type": "Point", "coordinates": [152.56114368254202, -26.941768894514567]}, "properties": {"ucl_code": "UCL315046", "ucl_name": "Kilcoy", "area_sqkm": 5.277}}, {"type": "Feature", "geometry": {"type": "Point", "coordinates": [151.82342013594865, -27.475839332221515]}, "properties": {"ucl_code": "UCL315047", "ucl_name": "Kingsthorpe", "area_sqkm": 4.281}}, {"type": "Feature", "geometry": {"type": "Point", "coordinates": [152.85440983461748, -28.084173032719303]}, "properties": {"ucl_code": "UCL315048", "ucl_name": "Kooralbyn", "area_sqkm": 15.315}}, {"type": "Feature", "geometry": {"type": "Point", "coordinates": [145.62411025913133, -16.830569220824675]}, "properties": {"ucl_code": "UCL315049", "ucl_name": "Kuranda", "area_sqkm": 17.643}}, {"type": "Feature", "geometry": {"type": "Point", "coordinates": [152.39623169016275, -27.632823387944583]}, "properties": {"ucl_code": "UCL315050", "ucl_name": "Laidley", "area_sqkm": 8.888}}, {"type": "Feature", "geometry": {"type": "Point", "coordinates": [152.96532116606005, -26.813294113783147]}, "properties": {"ucl_code": "UCL315051", "ucl_name": "Landsborough", "area_sqkm": 13.288}}, {"type": "Feature", "geometry": {"type": "Point", "coordinates": [153.10850534095135, -27.77858597083139]}, "properties": {"ucl_code": "UCL315052", "ucl_name": "Logan Village", "area_sqkm": 14.843}}, {"type": "Feature", "geometry": {"type": "Point", "coordinates": [144.27173535825546, -23.435173201885274]}, "properties": {"ucl_code": "UCL315053", "ucl_name": "Longreach", "area_sqkm": 14.169}}, {"type": "Feature", "geometry": {"type": "Point", "coordinates": [152.56908112040873, -27.45794940662013]}, "properties": {"ucl_code": "UCL315054", "ucl_name": "Lowood", "area_sqkm": 15.167}}, {"type": "Feature", "geometry": {"type": "Point", "coordinates": [153.35431751114186, -27.60633615430178]}, "properties": {"ucl_code": "UCL315055", "ucl_name": "Macleay Island", "area_sqkm": 7.23}}, {"type": "Feature", "geometry": {"type": "Point", "coordinates": [145.6019899256246, -17.35361121647537]}, "properties": {"ucl_code": "UCL315056", "ucl_name": "Malanda", "area_sqkm": 9.957}}, {"type": "Feature", "geometry": {"type": "Point", "coordinates": [152.84780509837708, -26.76817138187647]}, "properties": {"ucl_code": "UCL315057", "ucl_name": "Maleny", "area_sqkm": 5.739}}, {"type": "Feature", "geometry": {"type": "Point", "coordinates": [148.9534911350348, -21.14725983783991]}, "properties": {"ucl_code": "UCL315058", "ucl_name": "Marian", "area_sqkm": 2.95}}, {"type": "Feature", "geometry": {"type": "Point", "coordinates": [153.1037628074954, -26.75535239768228]}, "properties": {"ucl_code": "UCL315059", "ucl_name": "Meridan Plains", "area_sqkm": 0.63}}, {"type": "Feature", "geometry": {"type": "Point", "coordinates": [151.89207252647174, -27.42129183456118]}, "properties": {"ucl_code": "UCL315060", "ucl_name": "Meringandan West", "area_sqkm": 6.795}}, {"type": "Feature", "geometry": {"type": "Point", "coordinates": [148.6975450210941, -22.81657456044545]}, "properties": {"ucl_code": "UCL315061", "ucl_name": "Middlemount", "area_sqkm": 12.172}}, {"type": "Feature", "geometry": {"type": "Point", "coordinates": [150.19301926366003, -26.65670509901347]}, "properties": {"ucl_code": "UCL315062", "ucl_name": "Miles", "area_sqkm": 4.966}}, {"type": "Feature", "geometry": {"type": "Point", "coordinates": [151.26553680990105, -27.876370246697363]}, "properties": {"ucl_code": "UCL315063", "ucl_name": "Millmerran", "area_sqkm": 4.673}}, {"type": "Feature", "geometry": {"type": "Point", "coordinates": [148.869752383582, -21.162115500170497]}, "properties": {"ucl_code": "UCL315064", "ucl_name": "Mirani", "area_sqkm": 1.57}}, {"type": "Feature", "geometry": {"type": "Point", "coordinates": [151.11774645863522, -24.86534224484346]}, "properties": {"ucl_code": "UCL315065", "ucl_name": "Monto", "area_sqkm": 4.513}}, {"type": "Feature", "geometry": {"type": "Point", "coordinates": [152.96881194098745, -26.762925425995707]}, "properties": {"ucl_code": "UCL315066", "ucl_name": "Mooloolah", "area_sqkm": 8.082}}, {"type": "Feature", "geometry": {"type": "Point", "coordinates": [152.2663501687568, -24.70940466811247]}, "properties": {"ucl_code": "UCL315067", "ucl_name": "Moore Park", "area_sqkm": 5.168}}, {"type": "Feature", "geometry": {"type": "Point", "coordinates": [145.37361999785435, -16.469561374597106]}, "properties": {"ucl_code": "UCL315068", "ucl_name": "Mossman", "area_sqkm": 4.786}}, {"type": "Feature", "geometry": {"type": "Point", "coordinates": [150.3852138738347, -23.626018277393396]}, "properties": {"ucl_code": "UCL315069", "ucl_name": "Mount Morgan", "area_sqkm": 13.216}}, {"type": "Feature", "geometry": {"type": "Point", "coordinates": [149.9760317089075, -24.56905863401221]}, "properties": {"ucl_code": "UCL315070", "ucl_name": "Moura", "area_sqkm": 3.973}}, {"type": "Feature", "geometry": {"type": "Point", "coordinates": [150.78855646930208, -23.194467200451584]}, "properties": {"ucl_code": "UCL315071", "ucl_name": "Mulambin", "area_sqkm": 2.043}}, {"type": "Feature", "geometry": {"type": "Point", "coordinates": [151.29954125037727, -25.586723817599943]}, "properties": {"ucl_code": "UCL315072", "ucl_name": "Mundubbera", "area_sqkm": 4.429}}, {"type": "Feature", "geometry": {"type": "Point", "coordinates": [151.94096496515868, -26.236884828637322]}, "properties": {"ucl_code": "UCL315073", "ucl_name": "Murgon", "area_sqkm": 4.934}}, {"type": "Feature", "geometry": {"type": "Point", "coordinates": [151.97868312635126, -26.676189294100745]}, "properties": {"ucl_code": "UCL315074", "ucl_name": "Nanango", "area_sqkm": 26.596}}, {"type": "Feature", "geometry": {"type": "Point", "coordinates": [146.8470115553102, -19.15516827343423]}, "properties": {"ucl_code": "UCL315075", "ucl_name": "Nelly Bay", "area_sqkm": 2.295}}, {"type": "Feature", "geometry": {"type": "Point", "coordinates": [151.71951301792456, -27.437861300652514]}, "properties": {"ucl_code": "UCL315076", "ucl_name": "Oakey", "area_sqkm": 9.81}}, {"type": "Feature", "geometry": {"type": "Point", "coordinates": [146.60585444955558, -18.726404818857425]}, "properties": {"ucl_code": "UCL315077", "ucl_name": "Palm Island", "area_sqkm": 56.294}}, {"type": "Feature", "geometry": {"type": "Point", "coordinates": [151.63379189079137, -27.7179354099182]}, "properties": {"ucl_code": "UCL315078", "ucl_name": "Pittsworth", "area_sqkm": 5.004}}, {"type": "Feature", "geometry": {"type": "Point", "coordinates": [152.85687672263322, -26.373917665735974]}, "properties": {"ucl_code": "UCL315079", "ucl_name": "Pomona", "area_sqkm": 6.822}}, {"type": "Feature", "geometry": {"type": "Point", "coordinates": [145.4639386319747, -16.50919647593654]}, "properties": {"ucl_code": "UCL315080", "ucl_name": "Port Douglas - Craiglie", "area_sqkm": 8.505}}, {"type": "Feature", "geometry": {"type": "Point", "coordinates": [148.57823042222577, -20.404240440652153]}, "properties": {"ucl_code": "UCL315081", "ucl_name": "Proserpine", "area_sqkm": 3.447}}, {"type": "Feature", "geometry": {"type": "Point", "coordinates": [153.0888480848234, -25.897100608786424]}, "properties": {"ucl_code": "UCL315082", "ucl_name": "Rainbow Beach", "area_sqkm": 2.524}}, {"type": "Feature", "geometry": {"type": "Point", "coordinates": [146.63851257398727, -19.311494824676686]}, "properties": {"ucl_code": "UCL315083", "ucl_name": "Rangewood", "area_sqkm": 2.815}}, {"type": "Feature", "geometry": {"type": "Point", "coordinates": [152.9094763741515, -25.404003927339474]}, "properties": {"ucl_code": "UCL315084", "ucl_name": "River Heads", "area_sqkm": 6.771}}, {"type": "Feature", "geometry": {"type": "Point", "coordinates": [152.60162565748266, -27.632919514028195]}, "properties": {"ucl_code": "UCL315085", "ucl_name": "Rosewood", "area_sqkm": 5.905}}, {"type": "Feature", "geometry": {"type": "Point", "coordinates": [153.38533141621946, -27.67177436619817]}, "properties": {"ucl_code": "UCL315086", "ucl_name": "Russell Island", "area_sqkm": 17.511}}, {"type": "Feature", "geometry": {"type": "Point", "coordinates": [152.83526396705025, -27.36905542718512]}, "properties": {"ucl_code": "UCL315087", "ucl_name": "Samford Valley - Highvale", "area_sqkm": 11.001}}, {"type": "Feature", "geometry": {"type": "Point", "coordinates": [149.21423254240258, -21.42155254215173]}, "properties": {"ucl_code": "UCL315088", "ucl_name": "Sarina", "area_sqkm": 4.916}}, {"type": "Feature", "geometry": {"type": "Point", "coordinates": [148.5903365227748, -28.038360549572882]}, "properties": {"ucl_code": "UCL315089", "ucl_name": "St George", "area_sqkm": 15.71}}, {"type": "Feature", "geometry": {"type": "Point", "coordinates": [151.9364180269954, -28.658885358808526]}, "properties": {"ucl_code": "UCL315090", "ucl_name": "Stanthorpe", "area_sqkm": 15.388}}, {"type": "Feature", "geometry": {"type": "Point", "coordinates": [142.21832574029213, -10.579057918208804]}, "properties": {"ucl_code": "UCL315091", "ucl_name": "Thursday Island", "area_sqkm": 3.718}}, {"type": "Feature", "geometry": {"type": "Point", "coordinates": [153.00138738205544, -25.91931497079154]}, "properties": {"ucl_code": "UCL315092", "ucl_name": "Tin Can Bay", "area_sqkm": 4.258}}, {"type": "Feature", "geometry": {"type": "Point", "coordinates": [152.37294666658227, -27.08650038315347]}, "properties": {"ucl_code": "UCL315093", "ucl_name": "Toogoolawah", "area_sqkm": 3.478}}, {"type": "Feature", "geometry": {"type": "Point", "coordinates": [152.69150748852633, -25.257164899398653]}, "properties": {"ucl_code": "UCL315094", "ucl_name": "Toogoom", "area_sqkm": 3.016}}, {"type": "Feature", "geometry": {"type": "Point", "coordinates": [145.92817351979687, -17.929178256495206]}, "properties": {"ucl_code": "UCL315095", "ucl_name": "Tully", "area_sqkm": 7.042}}, {"type": "Feature", "geometry": {"type": "Point", "coordinates": [149.05195802053356, -21.166941847520363]}, "properties": {"ucl_code": "UCL315096", "ucl_name": "Walkerston", "area_sqkm": 3.574}}, {"type": "Feature", "geometry": {"type": "Point", "coordinates": [152.66478214136794, -27.602105643869542]}, "properties": {"ucl_code": "UCL315097", "ucl_name": "Walloon", "area_sqkm": 5.861}}, {"type": "Feature", "geometry": {"type": "Point", "coordinates": [141.8764518681745, -12.634326966463657]}, "properties": {"ucl_code": "UCL315098", "ucl_name": "Weipa", "area_sqkm": 15.804}}, {"type": "Feature", "geometry": {"type": "Point", "coordinates": [151.87565062389717, -27.60330145300848]}, "properties": {"ucl_code": "UCL315099", "ucl_name": "Westbrook", "area_sqkm": 2.382}}, {"type": "Feature", "geometry": {"type": "Point", "coordinates": [152.68698746605466, -27.665468914009814]}, "properties": {"ucl_code": "UCL315100", "ucl_name": "Willowbank", "area_sqkm": 4.319}}, {"type": "Feature", "geometry": {"type": "Point", "coordinates": [152.01680297034068, -27.562074343165065]}, "properties": {"ucl_code": "UCL315101", "ucl_name": "Withcott", "area_sqkm": 9.449}}, {"type": "Feature", "geometry": {"type": "Point", "coordinates": [151.864972445767, -26.315008333626647]}, "properties": {"ucl_code": "UCL315102", "ucl_name": "Wondai", "area_sqkm": 7.158}}, {"type": "Feature", "geometry": {"type": "Point", "coordinates": [146.0894041596195, -17.90436076649859]}, "properties": {"ucl_code": "UCL315103", "ucl_name": "Wongaling Beach", "area_sqkm": 7.574}}, {"type": "Feature", "geometry": {"type": "Point", "coordinates": [152.779409399286, -26.956592209540485]}, "properties": {"ucl_code": "UCL315104", "ucl_name": "Woodford", "area_sqkm": 12.474}}, {"type": "Feature", "geometry": {"type": "Point", "coordinates": [152.5643727780257, -25.108909850434735]}, "properties": {"ucl_code": "UCL315105", "ucl_name": "Woodgate", "area_sqkm": 2.468}}, {"type": "Feature", "geometry": {"type": "Point", "coordinates": [151.86189013563114, -27.65759083237786]}, "properties": {"ucl_code": "UCL315106", "ucl_name": "Wyreema", "area_sqkm": 1.371}}, {"type": "Feature", "geometry": {"type": "Point", "coordinates": [152.95703225596284, -26.564302805010172]}, "properties": {"ucl_code": "UCL315107", "ucl_name": "Yandina", "area_sqkm": 6.871}}, {"type": "Feature", "geometry": {"type": "Point", "coordinates": [145.8722524578665, -16.909093743012875]}, "properties": {"ucl_code": "UCL315108", "ucl_name": "Yarrabah", "area_sqkm": 0.684}}, {"type": "Feature", "geometry": {"type": "Point", "coordinates": [145.5837092380811, -17.260857725252567]}, "properties": {"ucl_code": "UCL315109", "ucl_name": "Yungaburra", "area_sqkm": 4.136}}, {"type": "Feature", "geometry": {"type": "Point", "coordinates": [152.66250035375134, -25.46328441716083]}, "properties": {"ucl_code": "UCL321001", "ucl_name": "Aldershot (L)", "area_sqkm": 1.068}}, {"type": "Feature", "geometry": {"type": "Point", "coordinates": [151.98158609346257, -28.03551033738066]}, "properties": {"ucl_code": "UCL321002", "ucl_name": "Allora (L)", "area_sqkm": 1.462}}, {"type": "Feature", "geometry": {"type": "Point", "coordinates": [152.23161126457802, -25.224731853524787]}, "properties": {"ucl_code": "UCL321003", "ucl_name": "Apple Tree Creek (L)", "area_sqkm": 5.772}}, {"type": "Feature", "geometry": {"type": "Point", "coordinates": [152.54705168925503, -27.988202403031607]}, "properties": {"ucl_code": "UCL321004", "ucl_name": "Aratula (L)", "area_sqkm": 6.824}}, {"type": "Feature", "geometry": {"type": "Point", "coordinates": [149.28908494712184, -21.452244048492396]}, "properties": {"ucl_code": "UCL321005", "ucl_name": "Armstrong Beach (L)", "area_sqkm": 1.13}}, {"type": "Feature", "geometry": {"type": "Point", "coordinates": [142.1404570433744, -10.121029429269822]}, "properties": {"ucl_code": "UCL321006", "ucl_name": "Badu Island (L)", "area_sqkm": 102.545}}, {"type": "Feature", "geometry": {"type": "Point", "coordinates": [149.1609998326683, -21.216014040948707]}, "properties": {"ucl_code": "UCL321007", "ucl_name": "Bakers Creek (L)", "area_sqkm": 20.946}}, {"type": "Feature", "geometry": {"type": "Point", "coordinates": [146.40919221203097, -19.035582303772408]}, "properties": {"ucl_code": "UCL321008", "ucl_name": "Balgal Beach (L)", "area_sqkm": 13.639}}, {"type": "Feature", "geometry": {"type": "Point", "coordinates": [145.30058396873363, -23.56526976892623]}, "properties": {"ucl_code": "UCL321009", "ucl_name": "Barcaldine (L)", "area_sqkm": 7.419}}, {"type": "Feature", "geometry": {"type": "Point", "coordinates": [145.98832475077126, -17.519708221527686]}, "properties": {"ucl_code": "UCL321010", "ucl_name": "Belvedere (L)", "area_sqkm": 0.455}}, {"type": "Feature", "geometry": {"type": "Point", "coordinates": [151.3256140054424, -24.001616257114037]}, "properties": {"ucl_code": "UCL321011", "ucl_name": "Benaraby (L)", "area_sqkm": 3.957}}, {"type": "Feature", "geometry": {"type": "Point", "coordinates": [152.04138542751429, -25.505643312837563]}, "properties": {"ucl_code": "UCL321012", "ucl_name": "Biggenden (L)", "area_sqkm": 2.452}}, {"type": "Feature", "geometry": {"type": "Point", "coordinates": [152.88195635898649, -26.404526425458346]}, "properties": {"ucl_code": "UCL321013", "ucl_name": "Black Mountain (L)", "area_sqkm": 7.464}}, {"type": "Feature", "geometry": {"type": "Point", "coordinates": [146.6255949161419, -19.243208313214488]}, "properties": {"ucl_code": "UCL321014", "ucl_name": "Black River (L)", "area_sqkm": 1.242}}, {"type": "Feature", "geometry": {"type": "Point", "coordinates": [145.45827510790656, -24.41946627674992]}, "properties": {"ucl_code": "UCL321015", "ucl_name": "Blackall (L)", "area_sqkm": 7.668}}, {"type": "Feature", "geometry": {"type": "Point", "coordinates": [152.1052305663611, -26.883208884063635]}, "properties": {"ucl_code": "UCL321016", "ucl_name": "Blackbutt (L)", "area_sqkm": 1.7}}, {"type": "Feature", "geometry": {"type": "Point", "coordinates": [151.9544392970376, -27.499192339967795]}, "properties": {"ucl_code": "UCL321017", "ucl_name": "Blue Mountain Heights (L)", "area_sqkm": 3.846}}, {"type": "Feature", "geometry": {"type": "Point", "coordinates": [146.5577683639706, -19.16901381740898]}, "properties": {"ucl_code": "UCL321018", "ucl_name": "Bluewater (L)", "area_sqkm": 3.286}}, {"type": "Feature", "geometry": {"type": "Point", "coordinates": [146.51174611903582, -19.206607503908575]}, "properties": {"ucl_code": "UCL321019", "ucl_name": "Bluewater Park (L)", "area_sqkm": 3.601}}, {"type": "Feature", "geometry": {"type": "Point", "coordinates": [152.90494367025053, -25.362472422258385]}, "properties": {"ucl_code": "UCL321020", "ucl_name": "Booral (L)", "area_sqkm": 8.566}}, {"type": "Feature", "geometry": {"type": "Point", "coordinates": [150.46789951058042, -23.567810745441825]}, "properties": {"ucl_code": "UCL321021", "ucl_name": "Bouldercombe (L)", "area_sqkm": 7.629}}, {"type": "Feature", "geometry": {"type": "Point", "coordinates": [153.16415314087132, -27.949752977673356]}, "properties": {"ucl_code": "UCL321022", "ucl_name": "Boyland (L)", "area_sqkm": 6.38}}, {"type": "Feature", "geometry": {"type": "Point", "coordinates": [147.35798462640474, -19.555835285788255]}, "properties": {"ucl_code": "UCL321023", "ucl_name": "Brandon (L)", "area_sqkm": 0.956}}, {"type": "Feature", "geometry": {"type": "Point", "coordinates": [152.4912843083178, -27.521743097343247]}, "properties": {"ucl_code": "UCL321024", "ucl_name": "Brightview (L)", "area_sqkm": 2.535}}, {"type": "Feature", "geometry": {"type": "Point", "coordinates": [152.63250248232526, -25.210401172737726]}, "properties": {"ucl_code": "UCL321025", "ucl_name": "Burrum Heads - East (L)", "area_sqkm": 1.127}}, {"type": "Feature", "geometry": {"type": "Point", "coordinates": [149.31373917573256, -21.37751490027546]}, "properties": {"ucl_code": "UCL321026", "ucl_name": "Campwin Beach (L)", "area_sqkm": 0.593}}, {"type": "Feature", "geometry": {"type": "Point", "coordinates": [153.1604279626875, -28.01866796386426]}, "properties": {"ucl_code": "UCL321027", "ucl_name": "Canungra (L)", "area_sqkm": 1.68}}, {"type": "Feature", "geometry": {"type": "Point", "coordinates": [148.02337042706702, -23.085463968744435]}, "properties": {"ucl_code": "UCL321028", "ucl_name": "Capella (L)", "area_sqkm": 9.399}}, {"type": "Feature", "geometry": {"type": "Point", "coordinates": [153.3327877533912, -27.56887036681603]}, "properties": {"ucl_code": "UCL321029", "ucl_name": "Coochiemudlo Island (L)", "area_sqkm": 1.645}}, {"type": "Feature", "geometry": {"type": "Point", "coordinates": [152.50255159073208, -27.396468062464365]}, "properties": {"ucl_code": "UCL321030", "ucl_name": "Coominya (L)", "area_sqkm": 5.432}}, {"type": "Feature", "geometry": {"type": "Point", "coordinates": [152.81904017102238, -26.339265852798036]}, "properties": {"ucl_code": "UCL321031", "ucl_name": "Cooran (L)", "area_sqkm": 7.791}}, {"type": "Feature", "geometry": {"type": "Point", "coordinates": [152.99387148885427, -26.358855442530974]}, "properties": {"ucl_code": "UCL321032", "ucl_name": "Cooroibah (L)", "area_sqkm": 21.814}}, {"type": "Feature", "geometry": {"type": "Point", "coordinates": [145.3987154656047, -16.447773705883606]}, "properties": {"ucl_code": "UCL321033", "ucl_name": "Cooya Beach (L)", "area_sqkm": 1.035}}, {"type": "Feature", "geometry": {"type": "Point", "coordinates": [145.68711492729113, -28.075391304669036]}, "properties": {"ucl_code": "UCL321034", "ucl_name": "Cunnamulla (L)", "area_sqkm": 6.578}}, {"type": "Feature", "geometry": {"type": "Point", "coordinates": [152.57600945475454, -26.079857361941635]}, "properties": {"ucl_code": "UCL321035", "ucl_name": "Curra (L)", "area_sqkm": 20.101}}, {"type": "Feature", "geometry": {"type": "Point", "coordinates": [152.79711713627574, -27.002956437389628]}, "properties": {"ucl_code": "UCL321036", "ucl_name": "Delaneys Creek (L)", "area_sqkm": 4.359}}, {"type": "Feature", "geometry": {"type": "Point", "coordinates": [153.40834999677963, -27.492237299027135]}, "properties": {"ucl_code": "UCL321037", "ucl_name": "Dunwich (L)", "area_sqkm": 2.223}}, {"type": "Feature", "geometry": {"type": "Point", "coordinates": [152.49013691198857, -24.909939376417558]}, "properties": {"ucl_code": "UCL321038", "ucl_name": "Elliott Heads (L)", "area_sqkm": 1.396}}, {"type": "Feature", "geometry": {"type": "Point", "coordinates": [152.8651247237959, -26.65511142024389]}, "properties": {"ucl_code": "UCL321039", "ucl_name": "Flaxton (L)", "area_sqkm": 11.64}}, {"type": "Feature", "geometry": {"type": "Point", "coordinates": [152.9413073375116, -26.366435325995337]}, "properties": {"ucl_code": "UCL321040", "ucl_name": "Forest Acres (L)", "area_sqkm": 7.342}}, {"type": "Feature", "geometry": {"type": "Point", "coordinates": [151.95663520086515, -24.99021215522027]}, "properties": {"ucl_code": "UCL321041", "ucl_name": "Gin Gin (L)", "area_sqkm": 4.032}}, {"type": "Feature", "geometry": {"type": "Point", "coordinates": [152.41215766650942, -27.541624385535673]}, "properties": {"ucl_code": "UCL321042", "ucl_name": "Glenore Grove (L)", "area_sqkm": 3.774}}, {"type": "Feature", "geometry": {"type": "Point", "coordinates": [153.03702093355315, -26.75571730461389]}, "properties": {"ucl_code": "UCL321043", "ucl_name": "Glenview (L)", "area_sqkm": 2.959}}, {"type": "Feature", "geometry": {"type": "Point", "coordinates": [152.64018797898518, -25.9468799001677]}, "properties": {"ucl_code": "UCL321044", "ucl_name": "Glenwood (L)", "area_sqkm": 18.356}}, {"type": "Feature", "geometry": {"type": "Point", "coordinates": [145.75108662650058, -17.145117739921986]}, "properties": {"ucl_code": "UCL321045", "ucl_name": "Goldsborough (L)", "area_sqkm": 13.337}}, {"type": "Feature", "geometry": {"type": "Point", "coordinates": [152.3455825195825, -24.817021136879145]}, "properties": {"ucl_code": "UCL321046", "ucl_name": "Gooburrum (L)", "area_sqkm": 1.318}}, {"type": "Feature", "geometry": {"type": "Point", "coordinates": [151.8533155742775, -27.30593232809449]}, "properties": {"ucl_code": "UCL321047", "ucl_name": "Goombungee (L)", "area_sqkm": 2.076}}, {"type": "Feature", "geometry": {"type": "Point", "coordinates": [152.06701836999179, -26.182721360679206]}, "properties": {"ucl_code": "UCL321048", "ucl_name": "Goomeri (L)", "area_sqkm": 1.775}}, {"type": "Feature", "geometry": {"type": "Point", "coordinates": [151.90405568369084, -27.78447833737365]}, "properties": {"ucl_code": "UCL321049", "ucl_name": "Greenmount (L)", "area_sqkm": 1.072}}, {"type": "Feature", "geometry": {"type": "Point", "coordinates": [152.12692298251608, -27.54981398702276]}, "properties": {"ucl_code": "UCL321050", "ucl_name": "Helidon (L)", "area_sqkm": 1.179}}, {"type": "Feature", "geometry": {"type": "Point", "coordinates": [145.38679660964465, -17.382839913091946]}, "properties": {"ucl_code": "UCL321051", "ucl_name": "Herberton (L)", "area_sqkm": 3.785}}, {"type": "Feature", "geometry": {"type": "Point", "coordinates": [145.0967180021047, -15.291660673306811]}, "properties": {"ucl_code": "UCL321052", "ucl_name": "Hope Vale (L)", "area_sqkm": 20.957}}, {"type": "Feature", "geometry": {"type": "Point", "coordinates": [142.2835107930623, -10.606164478952856]}, "properties": {"ucl_code": "UCL321053", "ucl_name": "Horn Island (L)", "area_sqkm": 53.185}}, {"type": "Feature", "geometry": {"type": "Point", "coordinates": [146.84996116616196, -19.122825909484526]}, "properties": {"ucl_code": "UCL321054", "ucl_name": "Horseshoe Bay (L)", "area_sqkm": 4.928}}, {"type": "Feature", "geometry": {"type": "Point", "coordinates": [144.21404340367033, -20.831481909484488]}, "properties": {"ucl_code": "UCL321055", "ucl_name": "Hughenden (L)", "area_sqkm": 10.753}}, {"type": "Feature", "geometry": {"type": "Point", "coordinates": [151.08519035680638, -28.415231760025108]}, "properties": {"ucl_code": "UCL321056", "ucl_name": "Inglewood (L) (Qld)", "area_sqkm": 4.507}}, {"type": "Feature", "geometry": {"type": "Point", "coordinates": [151.10955278090327, -26.78257274444951]}, "properties": {"ucl_code": "UCL321057", "ucl_name": "Jandowae (L)", "area_sqkm": 2.821}}, {"type": "Feature", "geometry": {"type": "Point", "coordinates": [152.6302777969044, -27.9416346783627]}, "properties": {"ucl_code": "UCL321058", "ucl_name": "Kalbar (L)", "area_sqkm": 2.812}}, {"type": "Feature", "geometry": {"type": "Point", "coordinates": [153.00086855522193, -26.65198443498322]}, "properties": {"ucl_code": "UCL321059", "ucl_name": "Kiels Mountain (L)", "area_sqkm": 6.533}}, {"type": "Feature", "geometry": {"type": "Point", "coordinates": [152.29309804793166, -28.33824991009952]}, "properties": {"ucl_code": "UCL321060", "ucl_name": "Killarney (L)", "area_sqkm": 2.326}}, {"type": "Feature", "geometry": {"type": "Point", "coordinates": [150.79005395543464, -23.22329172688623]}, "properties": {"ucl_code": "UCL321061", "ucl_name": "Kinka Beach (L)", "area_sqkm": 7.406}}, {"type": "Feature", "geometry": {"type": "Point", "coordinates": [141.74107114757385, -15.482003663913776]}, "properties": {"ucl_code": "UCL321062", "ucl_name": "Kowanyama (L)", "area_sqkm": 7.933}}, {"type": "Feature", "geometry": {"type": "Point", "coordinates": [152.88368094746974, -26.608014931791924]}, "properties": {"ucl_code": "UCL321063", "ucl_name": "Kureelpa (L)", "area_sqkm": 19.022}}, {"type": "Feature", "geometry": {"type": "Point", "coordinates": [146.1011079927058, -17.780440411694904]}, "properties": {"ucl_code": "UCL321064", "ucl_name": "Kurrimine Beach (L)", "area_sqkm": 0.836}}, {"type": "Feature", "geometry": {"type": "Point", "coordinates": [152.3747001218905, -27.630236106557376]}, "properties": {"ucl_code": "UCL321065", "ucl_name": "Laidley Heights (L)", "area_sqkm": 11.169}}, {"type": "Feature", "geometry": {"type": "Point", "coordinates": [153.3798228392909, -27.623775976441152]}, "properties": {"ucl_code": "UCL321066", "ucl_name": "Lamb Island (L)", "area_sqkm": 1.385}}, {"type": "Feature", "geometry": {"type": "Point", "coordinates": [143.34220561120895, -12.783747230775944]}, "properties": {"ucl_code": "UCL321067", "ucl_name": "Lockhart River (L)", "area_sqkm": 6.925}}, {"type": "Feature", "geometry": {"type": "Point", "coordinates": [153.25040017369884, -28.03861697300198]}, "properties": {"ucl_code": "UCL321068", "ucl_name": "Lower Beechmont (L)", "area_sqkm": 3.714}}, {"type": "Feature", "geometry": {"type": "Point", "coordinates": [152.8655277120984, -26.624476022784606]}, "properties": {"ucl_code": "UCL321069", "ucl_name": "Mapleton (L)", "area_sqkm": 1.268}}, {"type": "Feature", "geometry": {"type": "Point", "coordinates": [152.59904916926573, -27.569290692159278]}, "properties": {"ucl_code": "UCL321070", "ucl_name": "Marburg (L)", "area_sqkm": 3.708}}, {"type": "Feature", "geometry": {"type": "Point", "coordinates": [145.4224876973559, -17.050677962694095]}, "properties": {"ucl_code": "UCL321071", "ucl_name": "Mareeba - South (L)", "area_sqkm": 5.246}}, {"type": "Feature", "geometry": {"type": "Point", "coordinates": [152.5590990879445, -27.536121404136743]}, "properties": {"ucl_code": "UCL321072", "ucl_name": "Minden Village (L)", "area_sqkm": 4.807}}, {"type": "Feature", "geometry": {"type": "Point", "coordinates": [146.10016112491138, -17.86750258752017]}, "properties": {"ucl_code": "UCL321073", "ucl_name": "Mission Beach (L)", "area_sqkm": 3.26}}, {"type": "Feature", "geometry": {"type": "Point", "coordinates": [147.9707928127968, -26.485195469978784]}, "properties": {"ucl_code": "UCL321074", "ucl_name": "Mitchell (L)", "area_sqkm": 6.063}}, {"type": "Feature", "geometry": {"type": "Point", "coordinates": [153.07699275028932, -27.86727894899026]}, "properties": {"ucl_code": "UCL321075", "ucl_name": "Mundoolun (L)", "area_sqkm": 3.843}}, {"type": "Feature", "geometry": {"type": "Point", "coordinates": [141.88901724344692, -12.68188244730626]}, "properties": {"ucl_code": "UCL321076", "ucl_name": "Napranum (L)", "area_sqkm": 2.039}}, {"type": "Feature", "geometry": {"type": "Point", "coordinates": [148.69372094845764, -21.693149491182037]}, "properties": {"ucl_code": "UCL321077", "ucl_name": "Nebo (L)", "area_sqkm": 2.335}}, {"type": "Feature", "geometry": {"type": "Point", "coordinates": [146.90986711389834, -19.373841295022807]}, "properties": {"ucl_code": "UCL321078", "ucl_name": "Nome (L)", "area_sqkm": 1.773}}, {"type": "Feature", "geometry": {"type": "Point", "coordinates": [141.06962511166182, -17.689984037038045]}, "properties": {"ucl_code": "UCL321079", "ucl_name": "Normanton (L)", "area_sqkm": 12.161}}, {"type": "Feature", "geometry": {"type": "Point", "coordinates": [152.6256194114497, -25.504276719436003]}, "properties": {"ucl_code": "UCL321080", "ucl_name": "Oakhurst (L)", "area_sqkm": 25.699}}, {"type": "Feature", "geometry": {"type": "Point", "coordinates": [152.8854474508675, -26.84457286668092]}, "properties": {"ucl_code": "UCL321081", "ucl_name": "Peachester (L)", "area_sqkm": 1.801}}, {"type": "Feature", "geometry": {"type": "Point", "coordinates": [152.62773763802875, -26.237678901995068]}, "properties": {"ucl_code": "UCL321082", "ucl_name": "Pie Creek (L)", "area_sqkm": 4.129}}, {"type": "Feature", "geometry": {"type": "Point", "coordinates": [152.41626905146956, -27.57800930042685]}, "properties": {"ucl_code": "UCL321083", "ucl_name": "Plainland (L)", "area_sqkm": 17.667}}, {"type": "Feature", "geometry": {"type": "Point", "coordinates": [153.53653665003094, -27.42878485089695]}, "properties": {"ucl_code": "UCL321084", "ucl_name": "Point Lookout (L)", "area_sqkm": 2.232}}, {"type": "Feature", "geometry": {"type": "Point", "coordinates": [152.91454234796163, -25.71804662986382]}, "properties": {"ucl_code": "UCL321085", "ucl_name": "Poona (L)", "area_sqkm": 1.733}}, {"type": "Feature", "geometry": {"type": "Point", "coordinates": [141.62815386483916, -14.891851453476855]}, "properties": {"ucl_code": "UCL321086", "ucl_name": "Pormpuraaw (L)", "area_sqkm": 24.877}}, {"type": "Feature", "geometry": {"type": "Point", "coordinates": [151.99048517757018, -27.55288051886008]}, "properties": {"ucl_code": "UCL321087", "ucl_name": "Prince Henry Heights (L)", "area_sqkm": 0.561}}, {"type": "Feature", "geometry": {"type": "Point", "coordinates": [145.48750744377924, -17.61440936155774]}, "properties": {"ucl_code": "UCL321088", "ucl_name": "Ravenshoe (L)", "area_sqkm": 3.523}}, {"type": "Feature", "geometry": {"type": "Point", "coordinates": [147.68891991010582, -23.416883293740902]}, "properties": {"ucl_code": "UCL321089", "ucl_name": "Rubyvale (L)", "area_sqkm": 8.793}}, {"type": "Feature", "geometry": {"type": "Point", "coordinates": [152.88596468750524, -27.37441844527156]}, "properties": {"ucl_code": "UCL321090", "ucl_name": "Samford Village (L)", "area_sqkm": 1.528}}, {"type": "Feature", "geometry": {"type": "Point", "coordinates": [147.7084794355584, -23.466349431853644]}, "properties": {"ucl_code": "UCL321091", "ucl_name": "Sapphire (L)", "area_sqkm": 9.598}}, {"type": "Feature", "geometry": {"type": "Point", "coordinates": [148.95597506828415, -20.896409020239382]}, "properties": {"ucl_code": "UCL321092", "ucl_name": "Seaforth (L)", "area_sqkm": 6.335}}, {"type": "Feature", "geometry": {"type": "Point", "coordinates": [152.2587047402307, -24.883756848403557]}, "properties": {"ucl_code": "UCL321093", "ucl_name": "Sharon (L)", "area_sqkm": 4.525}}, {"type": "Feature", "geometry": {"type": "Point", "coordinates": [152.42505516113505, -24.843437868880727]}, "properties": {"ucl_code": "UCL321094", "ucl_name": "Sloping Hummock (L)", "area_sqkm": 0.565}}, {"type": "Feature", "geometry": {"type": "Point", "coordinates": [146.08958293542224, -17.941481902386613]}, "properties": {"ucl_code": "UCL321095", "ucl_name": "South Mission Beach (L)", "area_sqkm": 2.038}}, {"type": "Feature", "geometry": {"type": "Point", "coordinates": [148.089712314876, -24.121536496357912]}, "properties": {"ucl_code": "UCL321096", "ucl_name": "Springsure (L)", "area_sqkm": 5.19}}, {"type": "Feature", "geometry": {"type": "Point", "coordinates": [152.78872353884873, -25.35694541442142]}, "properties": {"ucl_code": "UCL321097", "ucl_name": "Sunshine Acres (L)", "area_sqkm": 12.365}}, {"type": "Feature", "geometry": {"type": "Point", "coordinates": [153.1135501814926, -27.875612950999788]}, "properties": {"ucl_code": "UCL321098", "ucl_name": "Tamborine (L)", "area_sqkm": 4.843}}, {"type": "Feature", "geometry": {"type": "Point", "coordinates": [150.45701783044765, -27.275136163667735]}, "properties": {"ucl_code": "UCL321099", "ucl_name": "Tara (L)", "area_sqkm": 4.853}}, {"type": "Feature", "geometry": {"type": "Point", "coordinates": [149.80062807172845, -25.641200126429823]}, "properties": {"ucl_code": "UCL321100", "ucl_name": "Taroom (L)", "area_sqkm": 4.41}}, {"type": "Feature", "geometry": {"type": "Point", "coordinates": [151.175547436006, -28.85328032070405]}, "properties": {"ucl_code": "UCL321101", "ucl_name": "Texas (L)", "area_sqkm": 4.505}}, {"type": "Feature", "geometry": {"type": "Point", "coordinates": [152.62597050012096, -27.623576415318958]}, "properties": {"ucl_code": "UCL321102", "ucl_name": "Thagoona (L)", "area_sqkm": 2.269}}, {"type": "Feature", "geometry": {"type": "Point", "coordinates": [152.58698777385163, -26.193043039349334]}, "properties": {"ucl_code": "UCL321103", "ucl_name": "The Palms (L)", "area_sqkm": 11.965}}, {"type": "Feature", "geometry": {"type": "Point", "coordinates": [148.34865945494357, -23.0342739777563]}, "properties": {"ucl_code": "UCL321104", "ucl_name": "Tieri (L)", "area_sqkm": 1.896}}, {"type": "Feature", "geometry": {"type": "Point", "coordinates": [145.45060586237173, -17.20375787985926]}, "properties": {"ucl_code": "UCL321105", "ucl_name": "Tolga - West (L)", "area_sqkm": 5.801}}, {"type": "Feature", "geometry": {"type": "Point", "coordinates": [145.4783358409528, -17.21571585793219]}, "properties": {"ucl_code": "UCL321106", "ucl_name": "Tolga (L)", "area_sqkm": 2.668}}, {"type": "Feature", "geometry": {"type": "Point", "coordinates": [153.10075739000828, -27.042437874597564]}, "properties": {"ucl_code": "UCL321107", "ucl_name": "Toorbul (L)", "area_sqkm": 3.058}}, {"type": "Feature", "geometry": {"type": "Point", "coordinates": [146.01005575363575, -17.575003453824287]}, "properties": {"ucl_code": "UCL321108", "ucl_name": "Wangan (L)", "area_sqkm": 0.513}}, {"type": "Feature", "geometry": {"type": "Point", "coordinates": [143.04066213753035, -22.381540887865167]}, "properties": {"ucl_code": "UCL321109", "ucl_name": "Winton (L)", "area_sqkm": 4.133}}, {"type": "Feature", "geometry": {"type": "Point", "coordinates": [152.81357270687332, -26.705419178969393]}, "properties": {"ucl_code": "UCL321110", "ucl_name": "Witta (L)", "area_sqkm": 5.519}}, {"type": "Feature", "geometry": {"type": "Point", "coordinates": [145.4134540901769, -16.350157346251304]}, "properties": {"ucl_code": "UCL321111", "ucl_name": "Wonga Beach (L)", "area_sqkm": 1.761}}, {"type": "Feature", "geometry": {"type": "Point", "coordinates": [149.45710304178368, -24.108425589196116]}, "properties": {"ucl_code": "UCL321112", "ucl_name": "Woorabinda (L)", "area_sqkm": 219.515}}, {"type": "Feature", "geometry": {"type": "Point", "coordinates": [146.58299060637393, -19.199385304110628]}, "properties": {"ucl_code": "UCL321113", "ucl_name": "Yabulu (L)", "area_sqkm": 2.438}}, {"type": "Feature", "geometry": {"type": "Point", "coordinates": [151.9836873105412, -26.843539256803137]}, "properties": {"ucl_code": "UCL321114", "ucl_name": "Yarraman (L)", "area_sqkm": 2.947}}, {"type": "Feature", "geometry": {"type": "Point", "coordinates": [146.94324858016233, -19.42303784859274]}, "properties": {"ucl_code": "UCL322001", "ucl_name": "Alligator Creek (L)", "area_sqkm": 2.723}}, {"type": "Feature", "geometry": {"type": "Point", "coordinates": [146.6412768909426, -23.64795162460354]}, "properties": {"ucl_code": "UCL322002", "ucl_name": "Alpha (L)", "area_sqkm": 2.292}}, {"type": "Feature", "geometry": {"type": "Point", "coordinates": [153.43950375535417, -27.40022999134537]}, "properties": {"ucl_code": "UCL322004", "ucl_name": "Amity Point (L)", "area_sqkm": 1.224}}, {"type": "Feature", "geometry": {"type": "Point", "coordinates": [145.2417355238436, -22.97149674442096]}, "properties": {"ucl_code": "UCL322005", "ucl_name": "Aramac (L)", "area_sqkm": 1.247}}, {"type": "Feature", "geometry": {"type": "Point", "coordinates": [146.8668697449037, -19.14999784026677]}, "properties": {"ucl_code": "UCL322006", "ucl_name": "Arcadia Bay (L)", "area_sqkm": 0.737}}, {"type": "Feature", "geometry": {"type": "Point", "coordinates": [146.58445297462777, -25.799371367293617]}, "properties": {"ucl_code": "UCL322007", "ucl_name": "Augathella (L)", "area_sqkm": 4.242}}, {"type": "Feature", "geometry": {"type": "Point", "coordinates": [150.76395832118288, -23.07466067766122]}, "properties": {"ucl_code": "UCL322008", "ucl_name": "Bangalee (L)", "area_sqkm": 0.139}}, {"type": "Feature", "geometry": {"type": "Point", "coordinates": [149.8125813510644, -24.181277621987434]}, "properties": {"ucl_code": "UCL322009", "ucl_name": "Baralaba (L)", "area_sqkm": 1.376}}, {"type": "Feature", "geometry": {"type": "Point", "coordinates": [152.63602030308027, -25.853584387345105]}, "properties": {"ucl_code": "UCL322010", "ucl_name": "Bauple Forest (L)", "area_sqkm": 2.677}}, {"type": "Feature", "geometry": {"type": "Point", "coordinates": [153.18690220194583, -28.116683466340902]}, "properties": {"ucl_code": "UCL322011", "ucl_name": "Beechmont (L)", "area_sqkm": 1.983}}, {"type": "Feature", "geometry": {"type": "Point", "coordinates": [152.9538999926899, -26.9340183936458]}, "properties": {"ucl_code": "UCL322012", "ucl_name": "Beerburrum - North (L)", "area_sqkm": 4.012}}, {"type": "Feature", "geometry": {"type": "Point", "coordinates": [152.95676565936805, -26.961245559074598]}, "properties": {"ucl_code": "UCL322013", "ucl_name": "Beerburrum (L)", "area_sqkm": 0.624}}, {"type": "Feature", "geometry": {"type": "Point", "coordinates": [151.45087001007437, -26.930060367558035]}, "properties": {"ucl_code": "UCL322014", "ucl_name": "Bell (L)", "area_sqkm": 1.27}}, {"type": "Feature", "geometry": {"type": "Point", "coordinates": [146.0948625641605, -17.8322362114789]}, "properties": {"ucl_code": "UCL322015", "ucl_name": "Bingil Bay (L)", "area_sqkm": 0.917}}, {"type": "Feature", "geometry": {"type": "Point", "coordinates": [149.07085928835153, -23.579907548222153]}, "properties": {"ucl_code": "UCL322016", "ucl_name": "Bluff (L)", "area_sqkm": 0.508}}, {"type": "Feature", "geometry": {"type": "Point", "coordinates": [152.87677457403606, -25.678712183907592]}, "properties": {"ucl_code": "UCL322018", "ucl_name": "Boonooroo - Tuan (L)", "area_sqkm": 4.502}}, {"type": "Feature", "geometry": {"type": "Point", "coordinates": [152.99356478942164, -26.28394143779987]}, "properties": {"ucl_code": "UCL322019", "ucl_name": "Boreen Point (L)", "area_sqkm": 0.403}}, {"type": "Feature", "geometry": {"type": "Point", "coordinates": [139.90940828747088, -22.91007742651758]}, "properties": {"ucl_code": "UCL322020", "ucl_name": "Boulia (L)", "area_sqkm": 0.687}}, {"type": "Feature", "geometry": {"type": "Point", "coordinates": [152.5888540150558, -25.241689884034393]}, "properties": {"ucl_code": "UCL322023", "ucl_name": "Burrum Heads - South (L)", "area_sqkm": 2.452}}, {"type": "Feature", "geometry": {"type": "Point", "coordinates": [153.35518012825491, -27.736612980416623]}, "properties": {"ucl_code": "UCL322024", "ucl_name": "Cabbage Tree Point (L)", "area_sqkm": 0.552}}, {"type": "Feature", "geometry": {"type": "Point", "coordinates": [151.19388302285626, -27.526184778395013]}, "properties": {"ucl_code": "UCL322026", "ucl_name": "Cecil Plains (L)", "area_sqkm": 1.742}}, {"type": "Feature", "geometry": {"type": "Point", "coordinates": [146.06723780201486, -17.503972921800326]}, "properties": {"ucl_code": "UCL322028", "ucl_name": "Coconuts (L)", "area_sqkm": 0.226}}, {"type": "Feature", "geometry": {"type": "Point", "coordinates": [143.20018699018044, -13.947397727948157]}, "properties": {"ucl_code": "UCL322029", "ucl_name": "Coen (L)", "area_sqkm": 2.145}}, {"type": "Feature", "geometry": {"type": "Point", "coordinates": [152.21186622513687, -25.15950175083139]}, "properties": {"ucl_code": "UCL322030", "ucl_name": "Cordalba (L)", "area_sqkm": 0.822}}, {"type": "Feature", "geometry": {"type": "Point", "coordinates": [147.1090065164001, -19.39434434030604]}, "properties": {"ucl_code": "UCL322031", "ucl_name": "Cungulla (L)", "area_sqkm": 0.814}}, {"type": "Feature", "geometry": {"type": "Point", "coordinates": [145.11130739999192, -17.152222182269057]}, "properties": {"ucl_code": "UCL322034", "ucl_name": "Dimbulah (L)", "area_sqkm": 2.212}}, {"type": "Feature", "geometry": {"type": "Point", "coordinates": [148.22239656921244, -28.578930140739484]}, "properties": {"ucl_code": "UCL322035", "ucl_name": "Dirranbandi (L)", "area_sqkm": 8.992}}, {"type": "Feature", "geometry": {"type": "Point", "coordinates": [153.0703214898931, -27.003867120984438]}, "properties": {"ucl_code": "UCL322036", "ucl_name": "Donnybrook (L) (Qld)", "area_sqkm": 0.596}}, {"type": "Feature", "geometry": {"type": "Point", "coordinates": [151.12098987254365, -25.369578748679185]}, "properties": {"ucl_code": "UCL322038", "ucl_name": "Eidsvold (L)", "area_sqkm": 2.871}}, {"type": "Feature", "geometry": {"type": "Point", "coordinates": [146.0046994864138, -17.80606375495951]}, "properties": {"ucl_code": "UCL322039", "ucl_name": "El Arish (L)", "area_sqkm": 0.745}}, {"type": "Feature", "geometry": {"type": "Point", "coordinates": [149.10779383370485, -21.123970030385202]}, "properties": {"ucl_code": "UCL322040", "ucl_name": "Erakala (L)", "area_sqkm": 0.942}}, {"type": "Feature", "geometry": {"type": "Point", "coordinates": [143.7696910076407, -9.58503154051997]}, "properties": {"ucl_code": "UCL322041", "ucl_name": "Erub (Darnley) Island (L)", "area_sqkm": 5.642}}, {"type": "Feature", "geometry": {"type": "Point", "coordinates": [148.97273519679243, -21.251746525675827]}, "properties": {"ucl_code": "UCL322042", "ucl_name": "Eton (L)", "area_sqkm": 6.595}}, {"type": "Feature", "geometry": {"type": "Point", "coordinates": [149.10544342778581, -21.108114455395395]}, "properties": {"ucl_code": "UCL322043", "ucl_name": "Farleigh (L)", "area_sqkm": 4.356}}, {"type": "Feature", "geometry": {"type": "Point", "coordinates": [148.63210714826528, -21.141984986424696]}, "properties": {"ucl_code": "UCL322044", "ucl_name": "Finch Hatton (L)", "area_sqkm": 0.648}}, {"type": "Feature", "geometry": {"type": "Point", "coordinates": [146.07519378508397, -17.493000257366653]}, "properties": {"ucl_code": "UCL322045", "ucl_name": "Flying Fish Point (L)", "area_sqkm": 1.183}}, {"type": "Feature", "geometry": {"type": "Point", "coordinates": [152.35527513192062, -27.58877066452314]}, "properties": {"ucl_code": "UCL322046", "ucl_name": "Forest Hill (L) (Qld)", "area_sqkm": 0.579}}, {"type": "Feature", "geometry": {"type": "Point", "coordinates": [143.5469342894021, -18.29068472558674]}, "properties": {"ucl_code": "UCL322048", "ucl_name": "Georgetown (L)", "area_sqkm": 1.416}}, {"type": "Feature", "geometry": {"type": "Point", "coordinates": [147.1076727330261, -19.519471856259067]}, "properties": {"ucl_code": "UCL322049", "ucl_name": "Giru (L)", "area_sqkm": 1.613}}, {"type": "Feature", "geometry": {"type": "Point", "coordinates": [148.11845076852413, -21.348724470762374]}, "properties": {"ucl_code": "UCL322050", "ucl_name": "Glenden (L)", "area_sqkm": 4.652}}, {"type": "Feature", "geometry": {"type": "Point", "coordinates": [151.81930264433123, -27.518494332466673]}, "properties": {"ucl_code": "UCL322051", "ucl_name": "Gowrie Mountain (L)", "area_sqkm": 2.008}}, {"type": "Feature", "geometry": {"type": "Point", "coordinates": [152.19007383099563, -27.57668738888447]}, "properties": {"ucl_code": "UCL322052", "ucl_name": "Grantham (L)", "area_sqkm": 0.913}}, {"type": "Feature", "geometry": {"type": "Point", "coordinates": [149.30632239194063, -21.363802039637147]}, "properties": {"ucl_code": "UCL322053", "ucl_name": "Grasstree Beach (L)", "area_sqkm": 0.43}}, {"type": "Feature", "geometry": {"type": "Point", "coordinates": [148.98931491524098, -20.902714403262973]}, "properties": {"ucl_code": "UCL322054", "ucl_name": "Haliday Bay - Ball Bay (L)", "area_sqkm": 3.289}}, {"type": "Feature", "geometry": {"type": "Point", "coordinates": [146.28541766882483, -18.578737291979028]}, "properties": {"ucl_code": "UCL322055", "ucl_name": "Halifax (L)", "area_sqkm": 0.789}}, {"type": "Feature", "geometry": {"type": "Point", "coordinates": [142.20553364401616, -10.54807395652902]}, "properties": {"ucl_code": "UCL322056", "ucl_name": "Hammond Island (L)", "area_sqkm": 15.603}}, {"type": "Feature", "geometry": {"type": "Point", "coordinates": [152.66816581264248, -27.81165691134632]}, "properties": {"ucl_code": "UCL322057", "ucl_name": "Harrisville (L)", "area_sqkm": 1.563}}, {"type": "Feature", "geometry": {"type": "Point", "coordinates": [148.48865476108676, -20.085068880358072]}, "properties": {"ucl_code": "UCL322058", "ucl_name": "Hideaway Bay - Dingo Beach (L)", "area_sqkm": 3.369}}, {"type": "Feature", "geometry": {"type": "Point", "coordinates": [142.77424957849104, -9.901005978410858]}, "properties": {"ucl_code": "UCL322059", "ucl_name": "Iama (Yam) Island (L)", "area_sqkm": 1.861}}, {"type": "Feature", "geometry": {"type": "Point", "coordinates": [152.67598189016408, -26.46319762761519]}, "properties": {"ucl_code": "UCL322060", "ucl_name": "Imbil (L)", "area_sqkm": 1.041}}, {"type": "Feature", "geometry": {"type": "Point", "coordinates": [142.32719536431793, -10.902869401040675]}, "properties": {"ucl_code": "UCL322061", "ucl_name": "Injinoo (L)", "area_sqkm": 2.51}}, {"type": "Feature", "geometry": {"type": "Point", "coordinates": [148.5605822630398, -25.846605523964243]}, "properties": {"ucl_code": "UCL322062", "ucl_name": "Injune (L)", "area_sqkm": 1.104}}, {"type": "Feature", "geometry": {"type": "Point", "coordinates": [141.72951203592942, -20.665391525054275]}, "properties": {"ucl_code": "UCL322063", "ucl_name": "Julia Creek (L)", "area_sqkm": 6.99}}, {"type": "Feature", "geometry": {"type": "Point", "coordinates": [147.41945062354623, -19.530757370331962]}, "properties": {"ucl_code": "UCL322064", "ucl_name": "Kalamia Estate (L)", "area_sqkm": 0.422}}, {"type": "Feature", "geometry": {"type": "Point", "coordinates": [152.6788047698332, -26.387283866815967]}, "properties": {"ucl_code": "UCL322065", "ucl_name": "Kandanga (L)", "area_sqkm": 0.354}}, {"type": "Feature", "geometry": {"type": "Point", "coordinates": [153.37191218000254, -27.638919382405767]}, "properties": {"ucl_code": "UCL322066", "ucl_name": "Karragarra Island (L)", "area_sqkm": 1.008}}, {"type": "Feature", "geometry": {"type": "Point", "coordinates": [140.85122821831112, -17.472457117911638]}, "properties": {"ucl_code": "UCL322067", "ucl_name": "Karumba (L)", "area_sqkm": 16.324}}, {"type": "Feature", "geometry": {"type": "Point", "coordinates": [152.72306285779126, -26.59141072733373]}, "properties": {"ucl_code": "UCL322068", "ucl_name": "Kenilworth (L)", "area_sqkm": 1.434}}, {"type": "Feature", "geometry": {"type": "Point", "coordinates": [150.7921382364041, -23.33080321225672]}, "properties": {"ucl_code": "UCL322069", "ucl_name": "Keppel Sands (L)", "area_sqkm": 0.665}}, {"type": "Feature", "geometry": {"type": "Point", "coordinates": [152.24305174360117, -26.078866185923438]}, "properties": {"ucl_code": "UCL322070", "ucl_name": "Kilkivan (L)", "area_sqkm": 3.374}}, {"type": "Feature", "geometry": {"type": "Point", "coordinates": [152.45792370483292, -27.49439158446792]}, "properties": {"ucl_code": "UCL322072", "ucl_name": "Lockrose (L)", "area_sqkm": 0.802}}, {"type": "Feature", "geometry": {"type": "Point", "coordinates": [146.33147538383005, -18.532878865276874]}, "properties": {"ucl_code": "UCL322073", "ucl_name": "Lucinda (L)", "area_sqkm": 2.495}}, {"type": "Feature", "geometry": {"type": "Point", "coordinates": [152.87214646895322, -25.611492534770186]}, "properties": {"ucl_code": "UCL322074", "ucl_name": "Maaroom (L)", "area_sqkm": 0.434}}, {"type": "Feature", "geometry": {"type": "Point", "coordinates": [142.17949502506193, -9.957456455512599]}, "properties": {"ucl_code": "UCL322075", "ucl_name": "Mabuiag Island (L)", "area_sqkm": 6.272}}, {"type": "Feature", "geometry": {"type": "Point", "coordinates": [141.89086547994697, -12.005697832084445]}, "properties": {"ucl_code": "UCL322076", "ucl_name": "Mapoon (L)", "area_sqkm": 15.274}}, {"type": "Feature", "geometry": {"type": "Point", "coordinates": [144.05071802550384, -9.9171980708755]}, "properties": {"ucl_code": "UCL322077", "ucl_name": "Mer (Murray) Island (L)", "area_sqkm": 4.865}}, {"type": "Feature", "geometry": {"type": "Point", "coordinates": [148.16434423700497, -20.01860894809262]}, "properties": {"ucl_code": "UCL322078", "ucl_name": "Merinda (L)", "area_sqkm": 0.571}}, {"type": "Feature", "geometry": {"type": "Point", "coordinates": [151.91445155492858, -27.426781334858234]}, "properties": {"ucl_code": "UCL322079", "ucl_name": "Meringandan (L)", "area_sqkm": 1.743}}, {"type": "Feature", "geometry": {"type": "Point", "coordinates": [148.7229038624177, -20.643195010013365]}, "properties": {"ucl_code": "UCL322080", "ucl_name": "Midge Point (L)", "area_sqkm": 2.167}}, {"type": "Feature", "geometry": {"type": "Point", "coordinates": [145.61278092399675, -17.510947249654585]}, "properties": {"ucl_code": "UCL322081", "ucl_name": "Millaa Millaa (L)", "area_sqkm": 1.114}}, {"type": "Feature", "geometry": {"type": "Point", "coordinates": [151.55379960101885, -24.32893329743955]}, "properties": {"ucl_code": "UCL322082", "ucl_name": "Miriam Vale (L)", "area_sqkm": 3.578}}, {"type": "Feature", "geometry": {"type": "Point", "coordinates": [145.9089700252154, -17.39975209472818]}, "properties": {"ucl_code": "UCL322083", "ucl_name": "Mirriwinni (L)", "area_sqkm": 0.254}}, {"type": "Feature", "geometry": {"type": "Point", "coordinates": [145.1179450060348, -17.676407931612623]}, "properties": {"ucl_code": "UCL322084", "ucl_name": "Mount Garnet (L)", "area_sqkm": 2.768}}, {"type": "Feature", "geometry": {"type": "Point", "coordinates": [148.6076196265401, -20.374869491321924]}, "properties": {"ucl_code": "UCL322085", "ucl_name": "Mount Julian (L)", "area_sqkm": 7.958}}, {"type": "Feature", "geometry": {"type": "Point", "coordinates": [150.9788133695102, -23.81265071918839]}, "properties": {"ucl_code": "UCL322086", "ucl_name": "Mount Larcom (L)", "area_sqkm": 3.016}}, {"type": "Feature", "geometry": {"type": "Point", "coordinates": [152.7798789706062, -27.391117999838258]}, "properties": {"ucl_code": "UCL322087", "ucl_name": "Mount Nebo (L)", "area_sqkm": 2.627}}, {"type": "Feature", "geometry": {"type": "Point", "coordinates": [151.64422435969655, -25.18032872178286]}, "properties": {"ucl_code": "UCL322088", "ucl_name": "Mount Perry (L)", "area_sqkm": 1.923}}, {"type": "Feature", "geometry": {"type": "Point", "coordinates": [146.03410636954644, -17.58066887574276]}, "properties": {"ucl_code": "UCL322089", "ucl_name": "Mourilyan (L)", "area_sqkm": 0.711}}, {"type": "Feature", "geometry": {"type": "Point", "coordinates": [152.0566682594233, -27.461175698958563]}, "properties": {"ucl_code": "UCL322090", "ucl_name": "Murphys Creek (L)", "area_sqkm": 1.858}}, {"type": "Feature", "geometry": {"type": "Point", "coordinates": [152.61200498566308, -26.197941400028746]}, "properties": {"ucl_code": "UCL322091", "ucl_name": "Nahrunda (L)", "area_sqkm": 6.523}}, {"type": "Feature", "geometry": {"type": "Point", "coordinates": [142.38338739466775, -10.869148529205594]}, "properties": {"ucl_code": "UCL322092", "ucl_name": "New Mapoon (L)", "area_sqkm": 2.372}}, {"type": "Feature", "geometry": {"type": "Point", "coordinates": [145.406778810168, -16.424047886264983]}, "properties": {"ucl_code": "UCL322093", "ucl_name": "Newell (L)", "area_sqkm": 0.506}}, {"type": "Feature", "geometry": {"type": "Point", "coordinates": [152.29619981166, -24.849096340285698]}, "properties": {"ucl_code": "UCL322095", "ucl_name": "Oakwood (L)", "area_sqkm": 11.342}}, {"type": "Feature", "geometry": {"type": "Point", "coordinates": [152.72660416648245, -27.784595823294318]}, "properties": {"ucl_code": "UCL322096", "ucl_name": "Peak Crossing (L)", "area_sqkm": 1.708}}, {"type": "Feature", "geometry": {"type": "Point", "coordinates": [146.84043625210714, -19.175744323116856]}, "properties": {"ucl_code": "UCL322097", "ucl_name": "Picnic Bay (L)", "area_sqkm": 1.038}}, {"type": "Feature", "geometry": {"type": "Point", "coordinates": [152.25060356742705, -27.55690286408167]}, "properties": {"ucl_code": "UCL322098", "ucl_name": "Placid Hills (L)", "area_sqkm": 0.72}}, {"type": "Feature", "geometry": {"type": "Point", "coordinates": [151.5963826211369, -26.16190079579593]}, "properties": {"ucl_code": "UCL322099", "ucl_name": "Proston (L)", "area_sqkm": 1.354}}, {"type": "Feature", "geometry": {"type": "Point", "coordinates": [144.25990841569654, -26.613118217482395]}, "properties": {"ucl_code": "UCL322100", "ucl_name": "Quilpie (L)", "area_sqkm": 9.942}}, {"type": "Feature", "geometry": {"type": "Point", "coordinates": [143.13240786812503, -20.720945610788615]}, "properties": {"ucl_code": "UCL322101", "ucl_name": "Richmond (L) (Qld)", "area_sqkm": 5.482}}, {"type": "Feature", "geometry": {"type": "Point", "coordinates": [142.68172164981488, -9.396833508006637]}, "properties": {"ucl_code": "UCL322102", "ucl_name": "Saibai Island (L)", "area_sqkm": 104.113}}, {"type": "Feature", "geometry": {"type": "Point", "coordinates": [149.31278948966565, -21.383382055059435]}, "properties": {"ucl_code": "UCL322103", "ucl_name": "Sarina Beach (L)", "area_sqkm": 1.372}}, {"type": "Feature", "geometry": {"type": "Point", "coordinates": [146.60981888257535, -19.158708655722478]}, "properties": {"ucl_code": "UCL322104", "ucl_name": "Saunders Beach (L)", "area_sqkm": 0.317}}, {"type": "Feature", "geometry": {"type": "Point", "coordinates": [147.81833804011, -20.57210993039399]}, "properties": {"ucl_code": "UCL322105", "ucl_name": "Scottville (L)", "area_sqkm": 0.649}}, {"type": "Feature", "geometry": {"type": "Point", "coordinates": [142.3715065112346, -10.852141468080806]}, "properties": {"ucl_code": "UCL322106", "ucl_name": "Seisia (L)", "area_sqkm": 1.955}}, {"type": "Feature", "geometry": {"type": "Point", "coordinates": [146.0224899245319, -17.747874626296763]}, "properties": {"ucl_code": "UCL322108", "ucl_name": "Silkwood (L)", "area_sqkm": 0.942}}, {"type": "Feature", "geometry": {"type": "Point", "coordinates": [152.21999691464526, -24.96678034566475]}, "properties": {"ucl_code": "UCL322109", "ucl_name": "South Bingera (L)", "area_sqkm": 0.986}}, {"type": "Feature", "geometry": {"type": "Point", "coordinates": [145.99508431191825, -17.601008587536164]}, "properties": {"ucl_code": "UCL322110", "ucl_name": "South Johnstone (L)", "area_sqkm": 1.327}}, {"type": "Feature", "geometry": {"type": "Point", "coordinates": [151.71276231511837, -27.676175823236427]}, "properties": {"ucl_code": "UCL322111", "ucl_name": "Southbrook (L)", "area_sqkm": 2.015}}, {"type": "Feature", "geometry": {"type": "Point", "coordinates": [153.26444728838436, -28.18765798475548]}, "properties": {"ucl_code": "UCL322112", "ucl_name": "Springbrook (L)", "area_sqkm": 0.555}}, {"type": "Feature", "geometry": {"type": "Point", "coordinates": [142.31570680880856, -10.184215450859607]}, "properties": {"ucl_code": "UCL322113", "ucl_name": "St Pauls (L)", "area_sqkm": 17.953}}, {"type": "Feature", "geometry": {"type": "Point", "coordinates": [149.06376163492553, -27.153114581668085]}, "properties": {"ucl_code": "UCL322114", "ucl_name": "Surat (L)", "area_sqkm": 2.293}}, {"type": "Feature", "geometry": {"type": "Point", "coordinates": [146.25298471877946, -24.88558684600048]}, "properties": {"ucl_code": "UCL322115", "ucl_name": "Tambo (L)", "area_sqkm": 1.667}}, {"type": "Feature", "geometry": {"type": "Point", "coordinates": [145.6095501703947, -17.42099872833388]}, "properties": {"ucl_code": "UCL322116", "ucl_name": "Tarzali (L)", "area_sqkm": 1.805}}, {"type": "Feature", "geometry": {"type": "Point", "coordinates": [146.32787355588164, -18.626274070360296]}, "properties": {"ucl_code": "UCL322117", "ucl_name": "Taylors Beach (L)", "area_sqkm": 0.455}}, {"type": "Feature", "geometry": {"type": "Point", "coordinates": [150.5743864112393, -24.490663692209804]}, "properties": {"ucl_code": "UCL322118", "ucl_name": "Thangool (L)", "area_sqkm": 1.223}}, {"type": "Feature", "geometry": {"type": "Point", "coordinates": [150.07737252363694, -24.94591215157547]}, "properties": {"ucl_code": "UCL322120", "ucl_name": "Theodore (L)", "area_sqkm": 2.213}}, {"type": "Feature", "geometry": {"type": "Point", "coordinates": [152.5820214081564, -25.72590338646356]}, "properties": {"ucl_code": "UCL322121", "ucl_name": "Tiaro (L)", "area_sqkm": 1.008}}, {"type": "Feature", "geometry": {"type": "Point", "coordinates": [145.5364400219192, -17.17710772258404]}, "properties": {"ucl_code": "UCL322122", "ucl_name": "Tinaroo (L)", "area_sqkm": 6.003}}, {"type": "Feature", "geometry": {"type": "Point", "coordinates": [146.5937017672673, -19.148925329178468]}, "properties": {"ucl_code": "UCL322123", "ucl_name": "Toolakea (L)", "area_sqkm": 0.748}}, {"type": "Feature", "geometry": {"type": "Point", "coordinates": [152.59168909254436, -25.345098419791903]}, "properties": {"ucl_code": "UCL322125", "ucl_name": "Torbanlea (L)", "area_sqkm": 0.962}}, {"type": "Feature", "geometry": {"type": "Point", "coordinates": [146.07866438446638, -18.626769222409852]}, "properties": {"ucl_code": "UCL322126", "ucl_name": "Trebonne (L)", "area_sqkm": 0.21}}, {"type": "Feature", "geometry": {"type": "Point", "coordinates": [146.05606660692666, -18.00687626493474]}, "properties": {"ucl_code": "UCL322127", "ucl_name": "Tully Heads (L)", "area_sqkm": 5.021}}, {"type": "Feature", "geometry": {"type": "Point", "coordinates": [142.34973039776503, -10.889099461948696]}, "properties": {"ucl_code": "UCL322128", "ucl_name": "Umagico (L)", "area_sqkm": 2.202}}, {"type": "Feature", "geometry": {"type": "Point", "coordinates": [145.42850049616368, -17.132145243839766]}, "properties": {"ucl_code": "UCL322129", "ucl_name": "Walkamin (L)", "area_sqkm": 0.287}}, {"type": "Feature", "geometry": {"type": "Point", "coordinates": [151.9304778954823, -28.917905853718803]}, "properties": {"ucl_code": "UCL322130", "ucl_name": "Wallangarra (L)", "area_sqkm": 1.78}}, {"type": "Feature", "geometry": {"type": "Point", "coordinates": [149.9663578194098, -26.125723145818927]}, "properties": {"ucl_code": "UCL322132", "ucl_name": "Wandoan (L)", "area_sqkm": 3.506}}, {"type": "Feature", "geometry": {"type": "Point", "coordinates": [142.8242782759201, -10.207385978573694]}, "properties": {"ucl_code": "UCL322133", "ucl_name": "Warraber Island (L)", "area_sqkm": 1.008}}, {"type": "Feature", "geometry": {"type": "Point", "coordinates": [145.3188558206695, -15.944620196095954]}, "properties": {"ucl_code": "UCL322135", "ucl_name": "Wujal Wujal (L)", "area_sqkm": 1.162}}, {"type": "Feature", "geometry": {"type": "Point", "coordinates": [151.30344302169732, -23.98383810446]}, "properties": {"ucl_code": "UCL322136", "ucl_name": "Wurdong Heights (L)", "area_sqkm": 1.877}}, {"type": "Feature", "geometry": {"type": "Point", "coordinates": [150.7536220356928, -28.574795566060978]}, "properties": {"ucl_code": "UCL322138", "ucl_name": "Yelarbon (L)", "area_sqkm": 0.493}}, {"type": "Feature", "geometry": {"type": "Point", "coordinates": [143.40725035092373, -9.752814024049565]}, "properties": {"ucl_code": "UCL322139", "ucl_name": "Yorke Island (L)", "area_sqkm": 1.574}}, {"type": "Feature", "geometry": {"type": "Point", "coordinates": [138.57232223260257, -34.99841000112065]}, "properties": {"ucl_code": "UCL401001", "ucl_name": "Adelaide", "area_sqkm": 854.279}}, {"type": "Feature", "geometry": {"type": "Point", "coordinates": [138.73739883267135, -34.600384979583396]}, "properties": {"ucl_code": "UCL412001", "ucl_name": "Gawler (SA)", "area_sqkm": 47.085}}, {"type": "Feature", "geometry": {"type": "Point", "coordinates": [138.86870717265845, -35.06646782995843]}, "properties": {"ucl_code": "UCL412002", "ucl_name": "Mount Barker (SA)", "area_sqkm": 29.064}}, {"type": "Feature", "geometry": {"type": "Point", "coordinates": [140.78156481637353, -37.82243003267291]}, "properties": {"ucl_code": "UCL412003", "ucl_name": "Mount Gambier", "area_sqkm": 32.88}}, {"type": "Feature", "geometry": {"type": "Point", "coordinates": [137.5233643857643, -33.04212730147827]}, "properties": {"ucl_code": "UCL412004", "ucl_name": "Whyalla", "area_sqkm": 32.1}}, {"type": "Feature", "geometry": {"type": "Point", "coordinates": [138.73066009717536, -35.01001748185689]}, "properties": {"ucl_code": "UCL413001", "ucl_name": "Crafers - Bridgewater", "area_sqkm": 49.067}}, {"type": "Feature", "geometry": {"type": "Point", "coordinates": [139.26330208254495, -35.11994849997608]}, "properties": {"ucl_code": "UCL413002", "ucl_name": "Murray Bridge", "area_sqkm": 38.525}}, {"type": "Feature", "geometry": {"type": "Point", "coordinates": [137.78758218248566, -32.496445919542445]}, "properties": {"ucl_code": "UCL413003", "ucl_name": "Port Augusta", "area_sqkm": 31.773}}, {"type": "Feature", "geometry": {"type": "Point", "coordinates": [135.8560124871329, -34.728592443865665]}, "properties": {"ucl_code": "UCL413004", "ucl_name": "Port Lincoln", "area_sqkm": 40.338}}, {"type": "Feature", "geometry": {"type": "Point", "coordinates": [138.0059750455098, -33.20133739364397]}, "properties": {"ucl_code": "UCL413005", "ucl_name": "Port Pirie", "area_sqkm": 33.35}}, {"type": "Feature", "geometry": {"type": "Point", "coordinates": [138.60962557992104, -35.55318496734135]}, "properties": {"ucl_code": "UCL413006", "ucl_name": "Victor Harbor", "area_sqkm": 22.997}}, {"type": "Feature", "geometry": {"type": "Point", "coordinates": [138.80680976343066, -35.5007210676455]}, "properties": {"ucl_code": "UCL414001", "ucl_name": "Goolwa", "area_sqkm": 28.916}}, {"type": "Feature", "geometry": {"type": "Point", "coordinates": [138.91139254677003, -35.03399702197227]}, "properties": {"ucl_code": "UCL414002", "ucl_name": "Nairne", "area_sqkm": 4.639}}, {"type": "Feature", "geometry": {"type": "Point", "coordinates": [140.74421930083298, -36.96686793556632]}, "properties": {"ucl_code": "UCL414003", "ucl_name": "Naracoorte", "area_sqkm": 16.384}}, {"type": "Feature", "geometry": {"type": "Point", "coordinates": [138.99488728640165, -34.46690160830096]}, "properties": {"ucl_code": "UCL414004", "ucl_name": "Nuriootpa", "area_sqkm": 8.176}}, {"type": "Feature", "geometry": {"type": "Point", "coordinates": [138.89201563417117, -35.2542285475935]}, "properties": {"ucl_code": "UCL414005", "ucl_name": "Strathalbyn", "area_sqkm": 10.478}}, {"type": "Feature", "geometry": {"type": "Point", "coordinates": [139.04186540461654, -34.50320773482255]}, "properties": {"ucl_code": "UCL415001", "ucl_name": "Angaston", "area_sqkm": 12.879}}, {"type": "Feature", "geometry": {"type": "Point", "coordinates": [138.64821098469196, -34.636405583807274]}, "properties": {"ucl_code": "UCL415002", "ucl_name": "Angle Vale", "area_sqkm": 14.06}}, {"type": "Feature", "geometry": {"type": "Point", "coordinates": [138.41696447016892, -34.15010526563999]}, "properties": {"ucl_code": "UCL415003", "ucl_name": "Balaklava", "area_sqkm": 5.034}}, {"type": "Feature", "geometry": {"type": "Point", "coordinates": [138.83550192052508, -34.986607483468916]}, "properties": {"ucl_code": "UCL415004", "ucl_name": "Balhannah", "area_sqkm": 4.371}}, {"type": "Feature", "geometry": {"type": "Point", "coordinates": [140.47156937968776, -34.24752700518937]}, "properties": {"ucl_code": "UCL415005", "ucl_name": "Barmera", "area_sqkm": 3.319}}, {"type": "Feature", "geometry": {"type": "Point", "coordinates": [140.60027609804217, -34.27537177510024]}, "properties": {"ucl_code": "UCL415006", "ucl_name": "Berri", "area_sqkm": 12.082}}, {"type": "Feature", "geometry": {"type": "Point", "coordinates": [140.76987286191013, -36.31001446377324]}, "properties": {"ucl_code": "UCL415007", "ucl_name": "Bordertown", "area_sqkm": 8.415}}, {"type": "Feature", "geometry": {"type": "Point", "coordinates": [133.69444588944773, -32.12899560728772]}, "properties": {"ucl_code": "UCL415008", "ucl_name": "Ceduna", "area_sqkm": 13.419}}, {"type": "Feature", "geometry": {"type": "Point", "coordinates": [138.61054349269875, -33.8374029565767]}, "properties": {"ucl_code": "UCL415009", "ucl_name": "Clare", "area_sqkm": 12.657}}, {"type": "Feature", "geometry": {"type": "Point", "coordinates": [134.77712917384395, -29.019342036436246]}, "properties": {"ucl_code": "UCL415010", "ucl_name": "Coober Pedy", "area_sqkm": 30.502}}, {"type": "Feature", "geometry": {"type": "Point", "coordinates": [138.2083496685042, -33.35720891266644]}, "properties": {"ucl_code": "UCL415011", "ucl_name": "Crystal Brook", "area_sqkm": 4.507}}, {"type": "Feature", "geometry": {"type": "Point", "coordinates": [138.81515016287838, -34.452838069771126]}, "properties": {"ucl_code": "UCL415012", "ucl_name": "Freeling", "area_sqkm": 2.62}}, {"type": "Feature", "geometry": {"type": "Point", "coordinates": [138.80634074058963, -35.026328407496045]}, "properties": {"ucl_code": "UCL415013", "ucl_name": "Hahndorf", "area_sqkm": 2.803}}, {"type": "Feature", "geometry": {"type": "Point", "coordinates": [138.6064902265008, -33.20079790289017]}, "properties": {"ucl_code": "UCL415014", "ucl_name": "Jamestown", "area_sqkm": 5.163}}, {"type": "Feature", "geometry": {"type": "Point", "coordinates": [137.7050304285741, -33.96283547781454]}, "properties": {"ucl_code": "UCL415015", "ucl_name": "Kadina", "area_sqkm": 11.504}}, {"type": "Feature", "geometry": {"type": "Point", "coordinates": [138.91638863663746, -34.33778116334676]}, "properties": {"ucl_code": "UCL415016", "ucl_name": "Kapunda", "area_sqkm": 4.978}}, {"type": "Feature", "geometry": {"type": "Point", "coordinates": [137.62390099352695, -35.66249394966434]}, "properties": {"ucl_code": "UCL415017", "ucl_name": "Kingscote", "area_sqkm": 6.089}}, {"type": "Feature", "geometry": {"type": "Point", "coordinates": [139.85351676809628, -36.8356465961964]}, "properties": {"ucl_code": "UCL415018", "ucl_name": "Kingston SE", "area_sqkm": 9.206}}, {"type": "Feature", "geometry": {"type": "Point", "coordinates": [138.5989244287736, -34.60578846533283]}, "properties": {"ucl_code": "UCL415019", "ucl_name": "Lewiston", "area_sqkm": 14.005}}, {"type": "Feature", "geometry": {"type": "Point", "coordinates": [138.87734946836645, -34.90277278527063]}, "properties": {"ucl_code": "UCL415020", "ucl_name": "Lobethal", "area_sqkm": 3.798}}, {"type": "Feature", "geometry": {"type": "Point", "coordinates": [140.58194638799296, -34.44576463629933]}, "properties": {"ucl_code": "UCL415021", "ucl_name": "Loxton", "area_sqkm": 12.217}}, {"type": "Feature", "geometry": {"type": "Point", "coordinates": [138.88201782566955, -34.60053626354437]}, "properties": {"ucl_code": "UCL415022", "ucl_name": "Lyndoch", "area_sqkm": 2.143}}, {"type": "Feature", "geometry": {"type": "Point", "coordinates": [137.67223356873723, -34.37576001867878]}, "properties": {"ucl_code": "UCL415023", "ucl_name": "Maitland (SA)", "area_sqkm": 3.248}}, {"type": "Feature", "geometry": {"type": "Point", "coordinates": [139.30656883750157, -34.910482029078395]}, "properties": {"ucl_code": "UCL415024", "ucl_name": "Mannum", "area_sqkm": 8.718}}, {"type": "Feature", "geometry": {"type": "Point", "coordinates": [138.58777983736695, -35.20817923988574]}, "properties": {"ucl_code": "UCL415025", "ucl_name": "McLaren Flat", "area_sqkm": 0.76}}, {"type": "Feature", "geometry": {"type": "Point", "coordinates": [138.54360131336662, -35.218042188159316]}, "properties": {"ucl_code": "UCL415026", "ucl_name": "McLaren Vale", "area_sqkm": 2.894}}, {"type": "Feature", "geometry": {"type": "Point", "coordinates": [138.75878214041185, -35.18095049232609]}, "properties": {"ucl_code": "UCL415027", "ucl_name": "Meadows", "area_sqkm": 1.704}}, {"type": "Feature", "geometry": {"type": "Point", "coordinates": [138.7174619920528, -35.512089087300936]}, "properties": {"ucl_code": "UCL415028", "ucl_name": "Middleton", "area_sqkm": 2.018}}, {"type": "Feature", "geometry": {"type": "Point", "coordinates": [140.31646785867002, -37.59786278965586]}, "properties": {"ucl_code": "UCL415029", "ucl_name": "Millicent", "area_sqkm": 19.858}}, {"type": "Feature", "geometry": {"type": "Point", "coordinates": [137.57435558404896, -34.070195428905464]}, "properties": {"ucl_code": "UCL415030", "ucl_name": "Moonta", "area_sqkm": 19.578}}, {"type": "Feature", "geometry": {"type": "Point", "coordinates": [138.60819749847997, -35.354862316567676]}, "properties": {"ucl_code": "UCL415031", "ucl_name": "Mount Compass", "area_sqkm": 2.221}}, {"type": "Feature", "geometry": {"type": "Point", "coordinates": [138.3161416729431, -35.438234365359676]}, "properties": {"ucl_code": "UCL415032", "ucl_name": "Normanville", "area_sqkm": 7.077}}, {"type": "Feature", "geometry": {"type": "Point", "coordinates": [140.78570151972502, -34.17492335961371]}, "properties": {"ucl_code": "UCL415033", "ucl_name": "Paringa", "area_sqkm": 2.066}}, {"type": "Feature", "geometry": {"type": "Point", "coordinates": [140.83372365613204, -37.376282833233795]}, "properties": {"ucl_code": "UCL415034", "ucl_name": "Penola", "area_sqkm": 3.543}}, {"type": "Feature", "geometry": {"type": "Point", "coordinates": [138.84032167847778, -32.970674566234806]}, "properties": {"ucl_code": "UCL415035", "ucl_name": "Peterborough", "area_sqkm": 5.671}}, {"type": "Feature", "geometry": {"type": "Point", "coordinates": [137.9328520918309, -33.59701545822625]}, "properties": {"ucl_code": "UCL415036", "ucl_name": "Port Broughton", "area_sqkm": 2.569}}, {"type": "Feature", "geometry": {"type": "Point", "coordinates": [140.7398429366673, -34.17507815339823]}, "properties": {"ucl_code": "UCL415037", "ucl_name": "Renmark", "area_sqkm": 9.988}}, {"type": "Feature", "geometry": {"type": "Point", "coordinates": [139.7670600822293, -37.17007482524694]}, "properties": {"ucl_code": "UCL415038", "ucl_name": "Robe", "area_sqkm": 9.136}}, {"type": "Feature", "geometry": {"type": "Point", "coordinates": [136.9000833196081, -30.562791795307916]}, "properties": {"ucl_code": "UCL415039", "ucl_name": "Roxby Downs", "area_sqkm": 3.829}}, {"type": "Feature", "geometry": {"type": "Point", "coordinates": [139.45859264616524, -35.25892921294018]}, "properties": {"ucl_code": "UCL415040", "ucl_name": "Tailem Bend", "area_sqkm": 5.832}}, {"type": "Feature", "geometry": {"type": "Point", "coordinates": [138.95957220319923, -34.53122798098316]}, "properties": {"ucl_code": "UCL415041", "ucl_name": "Tanunda", "area_sqkm": 8.996}}, {"type": "Feature", "geometry": {"type": "Point", "coordinates": [136.1009580938786, -34.38181959422546]}, "properties": {"ucl_code": "UCL415042", "ucl_name": "Tumby Bay", "area_sqkm": 2.19}}, {"type": "Feature", "geometry": {"type": "Point", "coordinates": [138.53281217361692, -34.612190494865594]}, "properties": {"ucl_code": "UCL415043", "ucl_name": "Two Wells", "area_sqkm": 19.865}}, {"type": "Feature", "geometry": {"type": "Point", "coordinates": [138.55657417351978, -34.6713834752628]}, "properties": {"ucl_code": "UCL415044", "ucl_name": "Virginia", "area_sqkm": 3.351}}, {"type": "Feature", "geometry": {"type": "Point", "coordinates": [139.98500465424382, -34.18180451070829]}, "properties": {"ucl_code": "UCL415045", "ucl_name": "Waikerie", "area_sqkm": 2.505}}, {"type": "Feature", "geometry": {"type": "Point", "coordinates": [137.6350953766276, -33.92322308876025]}, "properties": {"ucl_code": "UCL415046", "ucl_name": "Wallaroo", "area_sqkm": 12.529}}, {"type": "Feature", "geometry": {"type": "Point", "coordinates": [138.87990874507483, -34.668044783887936]}, "properties": {"ucl_code": "UCL415047", "ucl_name": "Williamstown", "area_sqkm": 3.79}}, {"type": "Feature", "geometry": {"type": "Point", "coordinates": [138.55323781300797, -35.27170194846168]}, "properties": {"ucl_code": "UCL415048", "ucl_name": "Willunga", "area_sqkm": 2.717}}, {"type": "Feature", "geometry": {"type": "Point", "coordinates": [138.88100234187442, -34.94831905571149]}, "properties": {"ucl_code": "UCL415049", "ucl_name": "Woodside", "area_sqkm": 1.653}}, {"type": "Feature", "geometry": {"type": "Point", "coordinates": [137.9157570073961, -34.42368907295398]}, "properties": {"ucl_code": "UCL421001", "ucl_name": "Ardrossan (L)", "area_sqkm": 2.538}}, {"type": "Feature", "geometry": {"type": "Point", "coordinates": [140.0059742366912, -37.48231853734115]}, "properties": {"ucl_code": "UCL421002", "ucl_name": "Beachport (L)", "area_sqkm": 3.089}}, {"type": "Feature", "geometry": {"type": "Point", "coordinates": [138.95784391830819, -34.81881949371414]}, "properties": {"ucl_code": "UCL421003", "ucl_name": "Birdwood (L)", "area_sqkm": 1.422}}, {"type": "Feature", "geometry": {"type": "Point", "coordinates": [138.92070791913508, -33.674467954725124]}, "properties": {"ucl_code": "UCL421004", "ucl_name": "Burra (L)", "area_sqkm": 3.805}}, {"type": "Feature", "geometry": {"type": "Point", "coordinates": [136.4958523324102, -33.70010317219018]}, "properties": {"ucl_code": "UCL421005", "ucl_name": "Cleve (L)", "area_sqkm": 5.803}}, {"type": "Feature", "geometry": {"type": "Point", "coordinates": [138.8352204462345, -34.615789476614395]}, "properties": {"ucl_code": "UCL421006", "ucl_name": "Cockatoo Valley (L)", "area_sqkm": 3.694}}, {"type": "Feature", "geometry": {"type": "Point", "coordinates": [135.46610691980655, -34.62484688139325]}, "properties": {"ucl_code": "UCL421007", "ucl_name": "Coffin Bay (L)", "area_sqkm": 4.189}}, {"type": "Feature", "geometry": {"type": "Point", "coordinates": [136.9179925323206, -33.681950617075934]}, "properties": {"ucl_code": "UCL421008", "ucl_name": "Cowell (L)", "area_sqkm": 5.319}}, {"type": "Feature", "geometry": {"type": "Point", "coordinates": [135.72162775749405, -34.268720202174414]}, "properties": {"ucl_code": "UCL421009", "ucl_name": "Cummins (L)", "area_sqkm": 2.262}}, {"type": "Feature", "geometry": {"type": "Point", "coordinates": [138.78992241005483, -35.097793057771156]}, "properties": {"ucl_code": "UCL421010", "ucl_name": "Echunga (L)", "area_sqkm": 1.153}}, {"type": "Feature", "geometry": {"type": "Point", "coordinates": [139.0869499022839, -34.17136419447928]}, "properties": {"ucl_code": "UCL421011", "ucl_name": "Eudunda (L)", "area_sqkm": 2.923}}, {"type": "Feature", "geometry": {"type": "Point", "coordinates": [138.35806433058906, -33.26901482842521]}, "properties": {"ucl_code": "UCL421012", "ucl_name": "Gladstone (L) (SA)", "area_sqkm": 2.883}}, {"type": "Feature", "geometry": {"type": "Point", "coordinates": [138.92648358233885, -34.45723618453833]}, "properties": {"ucl_code": "UCL421013", "ucl_name": "Greenock (L)", "area_sqkm": 1.317}}, {"type": "Feature", "geometry": {"type": "Point", "coordinates": [138.88394337809916, -34.824223365149194]}, "properties": {"ucl_code": "UCL421014", "ucl_name": "Gumeracha (L)", "area_sqkm": 1.042}}, {"type": "Feature", "geometry": {"type": "Point", "coordinates": [138.68176379567802, -34.356486023276325]}, "properties": {"ucl_code": "UCL421015", "ucl_name": "Hamley Bridge (L)", "area_sqkm": 0.843}}, {"type": "Feature", "geometry": {"type": "Point", "coordinates": [138.75720930168745, -34.83180247467392]}, "properties": {"ucl_code": "UCL421016", "ucl_name": "Houghton (L)", "area_sqkm": 3.072}}, {"type": "Feature", "geometry": {"type": "Point", "coordinates": [139.01150095956336, -35.07379049229034]}, "properties": {"ucl_code": "UCL421017", "ucl_name": "Kanmantoo (L)", "area_sqkm": 0.809}}, {"type": "Feature", "geometry": {"type": "Point", "coordinates": [140.3568017646937, -36.09906152012444]}, "properties": {"ucl_code": "UCL421018", "ucl_name": "Keith (L)", "area_sqkm": 7.284}}, {"type": "Feature", "geometry": {"type": "Point", "coordinates": [136.41227316380815, -33.1359483702311]}, "properties": {"ucl_code": "UCL421019", "ucl_name": "Kimba (L)", "area_sqkm": 18.232}}, {"type": "Feature", "geometry": {"type": "Point", "coordinates": [140.51551075582051, -35.3277239793385]}, "properties": {"ucl_code": "UCL421020", "ucl_name": "Lameroo (L)", "area_sqkm": 2.774}}, {"type": "Feature", "geometry": {"type": "Point", "coordinates": [138.3021653792909, -33.18324538506829]}, "properties": {"ucl_code": "UCL421021", "ucl_name": "Laura (L) (SA)", "area_sqkm": 1.452}}, {"type": "Feature", "geometry": {"type": "Point", "coordinates": [138.8362599118941, -35.17521199522817]}, "properties": {"ucl_code": "UCL421022", "ucl_name": "Macclesfield (L)", "area_sqkm": 2.296}}, {"type": "Feature", "geometry": {"type": "Point", "coordinates": [138.5030234208372, -34.43758655700509]}, "properties": {"ucl_code": "UCL421023", "ucl_name": "Mallala (L)", "area_sqkm": 1.496}}, {"type": "Feature", "geometry": {"type": "Point", "coordinates": [139.34240625764454, -35.68873055016396]}, "properties": {"ucl_code": "UCL421024", "ucl_name": "Meningie (L)", "area_sqkm": 5.781}}, {"type": "Feature", "geometry": {"type": "Point", "coordinates": [138.96848345711476, -35.40317439733787]}, "properties": {"ucl_code": "UCL421025", "ucl_name": "Milang (L)", "area_sqkm": 2.44}}, {"type": "Feature", "geometry": {"type": "Point", "coordinates": [137.59638779369186, -34.7654433729153]}, "properties": {"ucl_code": "UCL421026", "ucl_name": "Minlaton (L)", "area_sqkm": 3.08}}, {"type": "Feature", "geometry": {"type": "Point", "coordinates": [139.05081888151756, -34.774413846671806]}, "properties": {"ucl_code": "UCL421027", "ucl_name": "Mount Pleasant (L)", "area_sqkm": 0.823}}, {"type": "Feature", "geometry": {"type": "Point", "coordinates": [138.7664652171175, -34.71693400412627]}, "properties": {"ucl_code": "UCL421028", "ucl_name": "One Tree Hill (L)", "area_sqkm": 0.702}}, {"type": "Feature", "geometry": {"type": "Point", "coordinates": [138.61759049158462, -32.73178845491579]}, "properties": {"ucl_code": "UCL421029", "ucl_name": "Orroroo (L)", "area_sqkm": 2.462}}, {"type": "Feature", "geometry": {"type": "Point", "coordinates": [140.91110105102936, -35.26059449791285]}, "properties": {"ucl_code": "UCL421030", "ucl_name": "Pinnaroo (L)", "area_sqkm": 4.101}}, {"type": "Feature", "geometry": {"type": "Point", "coordinates": [140.6943962938736, -38.050598765277655]}, "properties": {"ucl_code": "UCL421031", "ucl_name": "Port MacDonnell (L)", "area_sqkm": 3.599}}, {"type": "Feature", "geometry": {"type": "Point", "coordinates": [138.15642045491472, -34.18278184049244]}, "properties": {"ucl_code": "UCL421032", "ucl_name": "Port Wakefield (L)", "area_sqkm": 2.12}}, {"type": "Feature", "geometry": {"type": "Point", "coordinates": [132.1351814415227, -26.282298232847555]}, "properties": {"ucl_code": "UCL421033", "ucl_name": "Pukatja (Ernabella) (L)", "area_sqkm": 8.478}}, {"type": "Feature", "geometry": {"type": "Point", "coordinates": [138.04361902592348, -32.34997367954574]}, "properties": {"ucl_code": "UCL421034", "ucl_name": "Quorn (L)", "area_sqkm": 20.921}}, {"type": "Feature", "geometry": {"type": "Point", "coordinates": [138.74610523755553, -34.15882279993686]}, "properties": {"ucl_code": "UCL421035", "ucl_name": "Riverton (L)", "area_sqkm": 1.632}}, {"type": "Feature", "geometry": {"type": "Point", "coordinates": [138.74480875059905, -34.533792727416866]}, "properties": {"ucl_code": "UCL421036", "ucl_name": "Roseworthy (L)", "area_sqkm": 2.837}}, {"type": "Feature", "geometry": {"type": "Point", "coordinates": [134.21251986077485, -32.79656866786941]}, "properties": {"ucl_code": "UCL421037", "ucl_name": "Streaky Bay (L)", "area_sqkm": 2.956}}, {"type": "Feature", "geometry": {"type": "Point", "coordinates": [138.74729592553913, -34.9616003646055]}, "properties": {"ucl_code": "UCL421038", "ucl_name": "Uraidla - Summertown (L)", "area_sqkm": 3.922}}, {"type": "Feature", "geometry": {"type": "Point", "coordinates": [138.68057976460517, -34.47242824417707]}, "properties": {"ucl_code": "UCL421039", "ucl_name": "Wasleys (L)", "area_sqkm": 1.411}}, {"type": "Feature", "geometry": {"type": "Point", "coordinates": [138.91208464105455, -35.28008498413118]}, "properties": {"ucl_code": "UCL421040", "ucl_name": "Willyaroo (L)", "area_sqkm": 6.706}}, {"type": "Feature", "geometry": {"type": "Point", "coordinates": [135.4586116668317, -33.0449097861773]}, "properties": {"ucl_code": "UCL421041", "ucl_name": "Wudinna (L)", "area_sqkm": 3.189}}, {"type": "Feature", "geometry": {"type": "Point", "coordinates": [138.34699310399873, -35.457970596324174]}, "properties": {"ucl_code": "UCL421042", "ucl_name": "Yankalilla (L)", "area_sqkm": 3.363}}, {"type": "Feature", "geometry": {"type": "Point", "coordinates": [137.60409537070817, -35.01831982478261]}, "properties": {"ucl_code": "UCL421043", "ucl_name": "Yorketown (L)", "area_sqkm": 1.516}}, {"type": "Feature", "geometry": {"type": "Point", "coordinates": [140.7092633955016, -38.00142426530221]}, "properties": {"ucl_code": "UCL422001", "ucl_name": "Allendale East (L)", "area_sqkm": 0.589}}, {"type": "Feature", "geometry": {"type": "Point", "coordinates": [131.14474751501854, -26.152568165529814]}, "properties": {"ucl_code": "UCL422002", "ucl_name": "Amata (L)", "area_sqkm": 11.248}}, {"type": "Feature", "geometry": {"type": "Point", "coordinates": [137.7716520067608, -35.77956114069565]}, "properties": {"ucl_code": "UCL422003", "ucl_name": "American River (L)", "area_sqkm": 1.823}}, {"type": "Feature", "geometry": {"type": "Point", "coordinates": [137.16662104024442, -30.452287098899625]}, "properties": {"ucl_code": "UCL422004", "ucl_name": "Andamooka (L)", "area_sqkm": 2.403}}, {"type": "Feature", "geometry": {"type": "Point", "coordinates": [136.56888196149941, -33.9094428764279]}, "properties": {"ucl_code": "UCL422005", "ucl_name": "Arno Bay (L)", "area_sqkm": 1.718}}, {"type": "Feature", "geometry": {"type": "Point", "coordinates": [138.68581170719642, -34.0272758168329]}, "properties": {"ucl_code": "UCL422006", "ucl_name": "Auburn (L)", "area_sqkm": 0.869}}, {"type": "Feature", "geometry": {"type": "Point", "coordinates": [139.61621643014558, -34.35816329496429]}, "properties": {"ucl_code": "UCL422007", "ucl_name": "Blanchetown (L)", "area_sqkm": 2.47}}, {"type": "Feature", "geometry": {"type": "Point", "coordinates": [138.4888304316602, -33.845757612193424]}, "properties": {"ucl_code": "UCL422008", "ucl_name": "Blyth (L)", "area_sqkm": 1.047}}, {"type": "Feature", "geometry": {"type": "Point", "coordinates": [138.35360918413323, -32.882523984944086]}, "properties": {"ucl_code": "UCL422009", "ucl_name": "Booleroo Centre (L)", "area_sqkm": 1.537}}, {"type": "Feature", "geometry": {"type": "Point", "coordinates": [135.84614997817653, -34.67980334326565]}, "properties": {"ucl_code": "UCL422010", "ucl_name": "Boston (L)", "area_sqkm": 2.501}}, {"type": "Feature", "geometry": {"type": "Point", "coordinates": [138.00583082735568, -33.86484317268548]}, "properties": {"ucl_code": "UCL422011", "ucl_name": "Bute (L)", "area_sqkm": 0.811}}, {"type": "Feature", "geometry": {"type": "Point", "coordinates": [139.04305712527054, -35.11531816340631]}, "properties": {"ucl_code": "UCL422012", "ucl_name": "Callington (L)", "area_sqkm": 1.927}}, {"type": "Feature", "geometry": {"type": "Point", "coordinates": [138.90913681957767, -34.914750006599775]}, "properties": {"ucl_code": "UCL422013", "ucl_name": "Charleston (L)", "area_sqkm": 0.431}}, {"type": "Feature", "geometry": {"type": "Point", "coordinates": [138.92031717510696, -35.49063404031421]}, "properties": {"ucl_code": "UCL422015", "ucl_name": "Clayton Bay (L)", "area_sqkm": 2.993}}, {"type": "Feature", "geometry": {"type": "Point", "coordinates": [137.72731615150994, -35.046242929690756]}, "properties": {"ucl_code": "UCL422017", "ucl_name": "Coobowie (L)", "area_sqkm": 0.745}}, {"type": "Feature", "geometry": {"type": "Point", "coordinates": [137.74019036757494, -35.083058420642004]}, "properties": {"ucl_code": "UCL422019", "ucl_name": "Edithburgh (L)", "area_sqkm": 3.817}}, {"type": "Feature", "geometry": {"type": "Point", "coordinates": [134.89029790330937, -33.646405324980144]}, "properties": {"ucl_code": "UCL422020", "ucl_name": "Elliston (L)", "area_sqkm": 5.297}}, {"type": "Feature", "geometry": {"type": "Point", "coordinates": [138.4214426816681, -31.89299972662284]}, "properties": {"ucl_code": "UCL422021", "ucl_name": "Hawker (L)", "area_sqkm": 12.971}}, {"type": "Feature", "geometry": {"type": "Point", "coordinates": [133.3063767676009, -26.966033666549965]}, "properties": {"ucl_code": "UCL422022", "ucl_name": "Indulkana (L)", "area_sqkm": 10.187}}, {"type": "Feature", "geometry": {"type": "Point", "coordinates": [140.6979332376747, -37.56370917229182]}, "properties": {"ucl_code": "UCL422023", "ucl_name": "Kalangadoo (L)", "area_sqkm": 1.179}}, {"type": "Feature", "geometry": {"type": "Point", "coordinates": [132.02857483551313, -26.772966074882916]}, "properties": {"ucl_code": "UCL422024", "ucl_name": "Kaltjiti (Fregon) (L)", "area_sqkm": 24.181}}, {"type": "Feature", "geometry": {"type": "Point", "coordinates": [139.89423392965418, -35.09581708743201]}, "properties": {"ucl_code": "UCL422025", "ucl_name": "Karoonda (L)", "area_sqkm": 1.863}}, {"type": "Feature", "geometry": {"type": "Point", "coordinates": [138.85845555555426, -34.78012468345147]}, "properties": {"ucl_code": "UCL422026", "ucl_name": "Kersbrook (L)", "area_sqkm": 0.784}}, {"type": "Feature", "geometry": {"type": "Point", "coordinates": [140.36868017049557, -36.97042132227304]}, "properties": {"ucl_code": "UCL422028", "ucl_name": "Lucindale (L)", "area_sqkm": 1.571}}, {"type": "Feature", "geometry": {"type": "Point", "coordinates": [132.70641663666697, -27.024607251407623]}, "properties": {"ucl_code": "UCL422029", "ucl_name": "Mimili (L)", "area_sqkm": 12.774}}, {"type": "Feature", "geometry": {"type": "Point", "coordinates": [139.67130726367566, -34.03099337533395]}, "properties": {"ucl_code": "UCL422030", "ucl_name": "Morgan (L)", "area_sqkm": 1.425}}, {"type": "Feature", "geometry": {"type": "Point", "coordinates": [140.4563082906178, -37.54144932493112]}, "properties": {"ucl_code": "UCL422031", "ucl_name": "Mount Burr (L)", "area_sqkm": 0.487}}, {"type": "Feature", "geometry": {"type": "Point", "coordinates": [138.95982540763094, -34.8745963036369]}, "properties": {"ucl_code": "UCL422032", "ucl_name": "Mount Torrens (L)", "area_sqkm": 0.427}}, {"type": "Feature", "geometry": {"type": "Point", "coordinates": [137.53964803929847, -33.057724890824495]}, "properties": {"ucl_code": "UCL422033", "ucl_name": "Mullaquana (L)", "area_sqkm": 8.77}}, {"type": "Feature", "geometry": {"type": "Point", "coordinates": [140.6966876633771, -36.36341946395404]}, "properties": {"ucl_code": "UCL422034", "ucl_name": "Mundulla (L)", "area_sqkm": 6.131}}, {"type": "Feature", "geometry": {"type": "Point", "coordinates": [138.46306394485583, -35.39351622090183]}, "properties": {"ucl_code": "UCL422035", "ucl_name": "Myponga (L)", "area_sqkm": 0.52}}, {"type": "Feature", "geometry": {"type": "Point", "coordinates": [140.8147495815133, -37.54378177799435]}, "properties": {"ucl_code": "UCL422036", "ucl_name": "Nangwarry (L)", "area_sqkm": 0.821}}, {"type": "Feature", "geometry": {"type": "Point", "coordinates": [138.11516320647684, -33.156704432692116]}, "properties": {"ucl_code": "UCL422037", "ucl_name": "Napperby (L)", "area_sqkm": 0.561}}, {"type": "Feature", "geometry": {"type": "Point", "coordinates": [138.54439147986596, -34.27201802746558]}, "properties": {"ucl_code": "UCL422038", "ucl_name": "Owen (L)", "area_sqkm": 1.111}}, {"type": "Feature", "geometry": {"type": "Point", "coordinates": [138.2618767306733, -34.43408533655124]}, "properties": {"ucl_code": "UCL422039", "ucl_name": "Parham (L)", "area_sqkm": 2.379}}, {"type": "Feature", "geometry": {"type": "Point", "coordinates": [137.9441138792421, -35.72852144265241]}, "properties": {"ucl_code": "UCL422040", "ucl_name": "Penneshaw (L)", "area_sqkm": 5.104}}, {"type": "Feature", "geometry": {"type": "Point", "coordinates": [137.3512758450123, -34.942853924849445]}, "properties": {"ucl_code": "UCL422041", "ucl_name": "Point Turton (L)", "area_sqkm": 0.993}}, {"type": "Feature", "geometry": {"type": "Point", "coordinates": [138.00496675157086, -33.022851697173735]}, "properties": {"ucl_code": "UCL422042", "ucl_name": "Port Germein (L)", "area_sqkm": 2.731}}, {"type": "Feature", "geometry": {"type": "Point", "coordinates": [137.48555133050064, -34.500350862130276]}, "properties": {"ucl_code": "UCL422044", "ucl_name": "Port Victoria (L)", "area_sqkm": 1.851}}, {"type": "Feature", "geometry": {"type": "Point", "coordinates": [137.85707897080766, -34.774993962966775]}, "properties": {"ucl_code": "UCL422045", "ucl_name": "Port Vincent (L)", "area_sqkm": 1.551}}, {"type": "Feature", "geometry": {"type": "Point", "coordinates": [138.7844499080382, -34.084372361087574]}, "properties": {"ucl_code": "UCL422046", "ucl_name": "Saddleworth (L)", "area_sqkm": 1.181}}, {"type": "Feature", "geometry": {"type": "Point", "coordinates": [138.2138191317474, -33.78505401091126]}, "properties": {"ucl_code": "UCL422048", "ucl_name": "Snowtown (L)", "area_sqkm": 1.875}}, {"type": "Feature", "geometry": {"type": "Point", "coordinates": [140.1179597326049, -37.57203455382001]}, "properties": {"ucl_code": "UCL422049", "ucl_name": "Southend (L)", "area_sqkm": 1.662}}, {"type": "Feature", "geometry": {"type": "Point", "coordinates": [139.08797543456365, -34.706905912869644]}, "properties": {"ucl_code": "UCL422051", "ucl_name": "Springton (L)", "area_sqkm": 0.511}}, {"type": "Feature", "geometry": {"type": "Point", "coordinates": [137.79358623815443, -34.9096482465164]}, "properties": {"ucl_code": "UCL422052", "ucl_name": "Stansbury (L)", "area_sqkm": 1.946}}, {"type": "Feature", "geometry": {"type": "Point", "coordinates": [139.59283163432264, -34.57340847992732]}, "properties": {"ucl_code": "UCL422053", "ucl_name": "Swan Reach (L)", "area_sqkm": 2.834}}, {"type": "Feature", "geometry": {"type": "Point", "coordinates": [140.4572200510553, -37.6944923706163]}, "properties": {"ucl_code": "UCL422054", "ucl_name": "Tantanoola (L)", "area_sqkm": 1.006}}, {"type": "Feature", "geometry": {"type": "Point", "coordinates": [140.79770730867978, -37.62220076769421]}, "properties": {"ucl_code": "UCL422055", "ucl_name": "Tarpeena (L)", "area_sqkm": 2.433}}, {"type": "Feature", "geometry": {"type": "Point", "coordinates": [140.05878544603672, -35.88361160508282]}, "properties": {"ucl_code": "UCL422056", "ucl_name": "Tintinara (L)", "area_sqkm": 1.686}}, {"type": "Feature", "geometry": {"type": "Point", "coordinates": [139.1298915751746, -34.412645563094244]}, "properties": {"ucl_code": "UCL422057", "ucl_name": "Truro (L)", "area_sqkm": 2.007}}, {"type": "Feature", "geometry": {"type": "Point", "coordinates": [138.099823456835, -32.6558216187704]}, "properties": {"ucl_code": "UCL422059", "ucl_name": "Wilmington (L)", "area_sqkm": 11.138}}, {"type": "Feature", "geometry": {"type": "Point", "coordinates": [138.26969778391185, -33.03466770302933]}, "properties": {"ucl_code": "UCL422060", "ucl_name": "Wirrabara (L)", "area_sqkm": 3.745}}, {"type": "Feature", "geometry": {"type": "Point", "coordinates": [140.8310742041339, -37.87376502023133]}, "properties": {"ucl_code": "UCL422062", "ucl_name": "Yahl (L)", "area_sqkm": 1.203}}, {"type": "Feature", "geometry": {"type": "Point", "coordinates": [131.8387143067771, -31.48073126304127]}, "properties": {"ucl_code": "UCL422063", "ucl_name": "Yalata (L)", "area_sqkm": 19.627}}, {"type": "Feature", "geometry": {"type": "Point", "coordinates": [115.88963875879446, -32.08769699832972]}, "properties": {"ucl_code": "UCL501001", "ucl_name": "Perth (WA)", "area_sqkm": 1720.349}}, {"type": "Feature", "geometry": {"type": "Point", "coordinates": [115.66317098032496, -33.32713942371478]}, "properties": {"ucl_code": "UCL511001", "ucl_name": "Bunbury", "area_sqkm": 117.4}}, {"type": "Feature", "geometry": {"type": "Point", "coordinates": [117.87994105254748, -34.9945484075846]}, "properties": {"ucl_code": "UCL512001", "ucl_name": "Albany", "area_sqkm": 88.471}}, {"type": "Feature", "geometry": {"type": "Point", "coordinates": [115.30322246782745, -33.66083864185724]}, "properties": {"ucl_code": "UCL512002", "ucl_name": "Busselton", "area_sqkm": 50.041}}, {"type": "Feature", "geometry": {"type": "Point", "coordinates": [114.6496017247569, -28.771354437508002]}, "properties": {"ucl_code": "UCL512003", "ucl_name": "Geraldton", "area_sqkm": 64.54}}, {"type": "Feature", "geometry": {"type": "Point", "coordinates": [121.45275253520033, -30.75332717145001]}, "properties": {"ucl_code": "UCL512004", "ucl_name": "Kalgoorlie - Boulder", "area_sqkm": 62.458}}, {"type": "Feature", "geometry": {"type": "Point", "coordinates": [122.22399033708265, -17.953700718606356]}, "properties": {"ucl_code": "UCL513001", "ucl_name": "Broome", "area_sqkm": 50.042}}, {"type": "Feature", "geometry": {"type": "Point", "coordinates": [121.88454144289685, -33.85119058576521]}, "properties": {"ucl_code": "UCL513002", "ucl_name": "Esperance", "area_sqkm": 30.067}}, {"type": "Feature", "geometry": {"type": "Point", "coordinates": [116.8046035296505, -20.74588900036243]}, "properties": {"ucl_code": "UCL513003", "ucl_name": "Karratha", "area_sqkm": 118.86}}, {"type": "Feature", "geometry": {"type": "Point", "coordinates": [118.63364792762138, -20.354846941024775]}, "properties": {"ucl_code": "UCL513004", "ucl_name": "Port Hedland", "area_sqkm": 108.833}}, {"type": "Feature", "geometry": {"type": "Point", "coordinates": [115.64305066254374, -31.545527108348047]}, "properties": {"ucl_code": "UCL513005", "ucl_name": "Yanchep", "area_sqkm": 13.767}}, {"type": "Feature", "geometry": {"type": "Point", "coordinates": [116.16795036223134, -33.35924968037637]}, "properties": {"ucl_code": "UCL514001", "ucl_name": "Collie", "area_sqkm": 19.339}}, {"type": "Feature", "geometry": {"type": "Point", "coordinates": [115.0956919907649, -33.610086966489845]}, "properties": {"ucl_code": "UCL514002", "ucl_name": "Dunsborough", "area_sqkm": 17.835}}, {"type": "Feature", "geometry": {"type": "Point", "coordinates": [115.07315891776484, -33.956919158892006]}, "properties": {"ucl_code": "UCL514003", "ucl_name": "Margaret River", "area_sqkm": 9.912}}, {"type": "Feature", "geometry": {"type": "Point", "coordinates": [116.66419962790104, -31.653467515476784]}, "properties": {"ucl_code": "UCL514004", "ucl_name": "Northam", "area_sqkm": 26.784}}, {"type": "Feature", "geometry": {"type": "Point", "coordinates": [115.14687013113513, -34.32354083114764]}, "properties": {"ucl_code": "UCL515001", "ucl_name": "Augusta", "area_sqkm": 9.743}}, {"type": "Feature", "geometry": {"type": "Point", "coordinates": [115.69101610030214, -33.15753084675162]}, "properties": {"ucl_code": "UCL515002", "ucl_name": "Binningup", "area_sqkm": 4.149}}, {"type": "Feature", "geometry": {"type": "Point", "coordinates": [116.1222883251544, -33.95943614121134]}, "properties": {"ucl_code": "UCL515003", "ucl_name": "Bridgetown", "area_sqkm": 12.715}}, {"type": "Feature", "geometry": {"type": "Point", "coordinates": [116.02014960875181, -31.66984597113344]}, "properties": {"ucl_code": "UCL515004", "ucl_name": "Bullsbrook", "area_sqkm": 10.617}}, {"type": "Feature", "geometry": {"type": "Point", "coordinates": [115.56448940513326, -33.554630785229804]}, "properties": {"ucl_code": "UCL515005", "ucl_name": "Capel", "area_sqkm": 4.724}}, {"type": "Feature", "geometry": {"type": "Point", "coordinates": [113.65488123614165, -24.88085098181245]}, "properties": {"ucl_code": "UCL515006", "ucl_name": "Carnarvon", "area_sqkm": 15.788}}, {"type": "Feature", "geometry": {"type": "Point", "coordinates": [115.09943257940455, -33.85039707902046]}, "properties": {"ucl_code": "UCL515007", "ucl_name": "Cowaramup", "area_sqkm": 3.923}}, {"type": "Feature", "geometry": {"type": "Point", "coordinates": [116.71054473418346, -20.66402300516956]}, "properties": {"ucl_code": "UCL515008", "ucl_name": "Dampier", "area_sqkm": 3.554}}, {"type": "Feature", "geometry": {"type": "Point", "coordinates": [117.35506980455371, -34.97159007178317]}, "properties": {"ucl_code": "UCL515009", "ucl_name": "Denmark", "area_sqkm": 12.428}}, {"type": "Feature", "geometry": {"type": "Point", "coordinates": [123.66158521348527, -17.330318722028924]}, "properties": {"ucl_code": "UCL515010", "ucl_name": "Derby", "area_sqkm": 22.354}}, {"type": "Feature", "geometry": {"type": "Point", "coordinates": [115.82114070326196, -33.57447313095067]}, "properties": {"ucl_code": "UCL515011", "ucl_name": "Donnybrook (WA)", "area_sqkm": 5.893}}, {"type": "Feature", "geometry": {"type": "Point", "coordinates": [114.61584726765858, -28.675389974595326]}, "properties": {"ucl_code": "UCL515012", "ucl_name": "Drummond Cove", "area_sqkm": 1.812}}, {"type": "Feature", "geometry": {"type": "Point", "coordinates": [114.12785588134949, -21.94703174170753]}, "properties": {"ucl_code": "UCL515013", "ucl_name": "Exmouth", "area_sqkm": 12.303}}, {"type": "Feature", "geometry": {"type": "Point", "coordinates": [125.56844222073644, -18.19712868951902]}, "properties": {"ucl_code": "UCL515014", "ucl_name": "Fitzroy Crossing", "area_sqkm": 12.943}}, {"type": "Feature", "geometry": {"type": "Point", "coordinates": [115.90326053953652, -33.07913102042224]}, "properties": {"ucl_code": "UCL515015", "ucl_name": "Harvey", "area_sqkm": 6.209}}, {"type": "Feature", "geometry": {"type": "Point", "coordinates": [115.0516729068082, -30.303628466499923]}, "properties": {"ucl_code": "UCL515016", "ucl_name": "Jurien Bay", "area_sqkm": 9.698}}, {"type": "Feature", "geometry": {"type": "Point", "coordinates": [114.1749020941208, -27.709289698193288]}, "properties": {"ucl_code": "UCL515017", "ucl_name": "Kalbarri", "area_sqkm": 4.063}}, {"type": "Feature", "geometry": {"type": "Point", "coordinates": [121.62177360338816, -31.211537744718896]}, "properties": {"ucl_code": "UCL515018", "ucl_name": "Kambalda West", "area_sqkm": 4.316}}, {"type": "Feature", "geometry": {"type": "Point", "coordinates": [117.5587906147988, -33.68315534194565]}, "properties": {"ucl_code": "UCL515019", "ucl_name": "Katanning", "area_sqkm": 15.888}}, {"type": "Feature", "geometry": {"type": "Point", "coordinates": [128.73762736339958, -15.772919344437625]}, "properties": {"ucl_code": "UCL515020", "ucl_name": "Kununurra", "area_sqkm": 6.861}}, {"type": "Feature", "geometry": {"type": "Point", "coordinates": [117.87108495581104, -35.07307844769454]}, "properties": {"ucl_code": "UCL515021", "ucl_name": "Little Grove", "area_sqkm": 7.059}}, {"type": "Feature", "geometry": {"type": "Point", "coordinates": [116.1537521551868, -34.24837324573833]}, "properties": {"ucl_code": "UCL515022", "ucl_name": "Manjimup", "area_sqkm": 16.152}}, {"type": "Feature", "geometry": {"type": "Point", "coordinates": [118.26456090859725, -31.480932178966263]}, "properties": {"ucl_code": "UCL515023", "ucl_name": "Merredin", "area_sqkm": 13.263}}, {"type": "Feature", "geometry": {"type": "Point", "coordinates": [116.00282207988542, -30.63843158903496]}, "properties": {"ucl_code": "UCL515024", "ucl_name": "Moora", "area_sqkm": 9.71}}, {"type": "Feature", "geometry": {"type": "Point", "coordinates": [117.66752918878488, -34.62945499660667]}, "properties": {"ucl_code": "UCL515025", "ucl_name": "Mount Barker (WA)", "area_sqkm": 6.799}}, {"type": "Feature", "geometry": {"type": "Point", "coordinates": [115.9940851665533, -32.29452510505518]}, "properties": {"ucl_code": "UCL515026", "ucl_name": "Mundijong", "area_sqkm": 8.365}}, {"type": "Feature", "geometry": {"type": "Point", "coordinates": [117.17618191320142, -32.939323823166674]}, "properties": {"ucl_code": "UCL515027", "ucl_name": "Narrogin", "area_sqkm": 9.493}}, {"type": "Feature", "geometry": {"type": "Point", "coordinates": [119.73235906591185, -23.363043248248054]}, "properties": {"ucl_code": "UCL515028", "ucl_name": "Newman", "area_sqkm": 13.437}}, {"type": "Feature", "geometry": {"type": "Point", "coordinates": [117.66634163752704, -23.201044249094103]}, "properties": {"ucl_code": "UCL515029", "ucl_name": "Paraburdoo", "area_sqkm": 3.29}}, {"type": "Feature", "geometry": {"type": "Point", "coordinates": [115.85777690154356, -32.61774959926851]}, "properties": {"ucl_code": "UCL515030", "ucl_name": "Pinjarra", "area_sqkm": 13.943}}, {"type": "Feature", "geometry": {"type": "Point", "coordinates": [114.92858147773046, -29.254060897749184]}, "properties": {"ucl_code": "UCL515031", "ucl_name": "Port Denison - Dongara", "area_sqkm": 12.009}}, {"type": "Feature", "geometry": {"type": "Point", "coordinates": [115.9723659937925, -32.37408621313652]}, "properties": {"ucl_code": "UCL515032", "ucl_name": "Serpentine", "area_sqkm": 7.621}}, {"type": "Feature", "geometry": {"type": "Point", "coordinates": [117.78894819949683, -22.68854556103434]}, "properties": {"ucl_code": "UCL515033", "ucl_name": "Tom Price", "area_sqkm": 4.064}}, {"type": "Feature", "geometry": {"type": "Point", "coordinates": [115.59499118169728, -31.498706150303256]}, "properties": {"ucl_code": "UCL515034", "ucl_name": "Two Rocks", "area_sqkm": 4.376}}, {"type": "Feature", "geometry": {"type": "Point", "coordinates": [117.35013462486867, -33.31073854037148]}, "properties": {"ucl_code": "UCL515035", "ucl_name": "Wagin", "area_sqkm": 9.995}}, {"type": "Feature", "geometry": {"type": "Point", "coordinates": [115.92867791220775, -32.84365654194642]}, "properties": {"ucl_code": "UCL515036", "ucl_name": "Waroona", "area_sqkm": 4.677}}, {"type": "Feature", "geometry": {"type": "Point", "coordinates": [117.14008613509631, -20.67785547764363]}, "properties": {"ucl_code": "UCL515037", "ucl_name": "Wickham", "area_sqkm": 2.65}}, {"type": "Feature", "geometry": {"type": "Point", "coordinates": [116.77198418063458, -31.87098688285102]}, "properties": {"ucl_code": "UCL515038", "ucl_name": "York", "area_sqkm": 17.414}}, {"type": "Feature", "geometry": {"type": "Point", "coordinates": [116.09047286230484, -33.334995519596106]}, "properties": {"ucl_code": "UCL521001", "ucl_name": "Allanson (L)", "area_sqkm": 2.363}}, {"type": "Feature", "geometry": {"type": "Point", "coordinates": [116.44624311488772, -31.74595057330377]}, "properties": {"ucl_code": "UCL521002", "ucl_name": "Bakers Hill (L)", "area_sqkm": 12.797}}, {"type": "Feature", "geometry": {"type": "Point", "coordinates": [116.93184246169564, -32.10756108677642]}, "properties": {"ucl_code": "UCL521003", "ucl_name": "Beverley (L)", "area_sqkm": 6.815}}, {"type": "Feature", "geometry": {"type": "Point", "coordinates": [121.78941212115032, -18.680368177278588]}, "properties": {"ucl_code": "UCL521004", "ucl_name": "Bidyadanga (La Grange) (L)", "area_sqkm": 21.536}}, {"type": "Feature", "geometry": {"type": "Point", "coordinates": [116.46112898657256, -32.798969077652885]}, "properties": {"ucl_code": "UCL521005", "ucl_name": "Boddington - Ranford (L)", "area_sqkm": 4.769}}, {"type": "Feature", "geometry": {"type": "Point", "coordinates": [115.7231659905001, -33.48016264004421]}, "properties": {"ucl_code": "UCL521006", "ucl_name": "Boyanup (L)", "area_sqkm": 3.37}}, {"type": "Feature", "geometry": {"type": "Point", "coordinates": [116.38617395016598, -33.83280131135035]}, "properties": {"ucl_code": "UCL521007", "ucl_name": "Boyup Brook (L)", "area_sqkm": 2.632}}, {"type": "Feature", "geometry": {"type": "Point", "coordinates": [117.01289314901328, -32.373357552947304]}, "properties": {"ucl_code": "UCL521008", "ucl_name": "Brookton (L)", "area_sqkm": 3.66}}, {"type": "Feature", "geometry": {"type": "Point", "coordinates": [118.14916263617906, -31.878019251353482]}, "properties": {"ucl_code": "UCL521009", "ucl_name": "Bruce Rock (L)", "area_sqkm": 2.397}}, {"type": "Feature", "geometry": {"type": "Point", "coordinates": [115.83688049133988, -33.257558843286304]}, "properties": {"ucl_code": "UCL521010", "ucl_name": "Brunswick (L)", "area_sqkm": 1.852}}, {"type": "Feature", "geometry": {"type": "Point", "coordinates": [115.81591021188484, -33.31313582516361]}, "properties": {"ucl_code": "UCL521011", "ucl_name": "Burekup (L)", "area_sqkm": 0.882}}, {"type": "Feature", "geometry": {"type": "Point", "coordinates": [114.64780252020068, -28.864283203971997]}, "properties": {"ucl_code": "UCL521012", "ucl_name": "Cape Burney (L)", "area_sqkm": 18.867}}, {"type": "Feature", "geometry": {"type": "Point", "coordinates": [116.26974683237663, -31.86015502414375]}, "properties": {"ucl_code": "UCL521013", "ucl_name": "Chidlow (L)", "area_sqkm": 2.461}}, {"type": "Feature", "geometry": {"type": "Point", "coordinates": [121.16312847812415, -30.952381333030644]}, "properties": {"ucl_code": "UCL521014", "ucl_name": "Coolgardie (L)", "area_sqkm": 6.69}}, {"type": "Feature", "geometry": {"type": "Point", "coordinates": [117.8755158630942, -32.3270966862566]}, "properties": {"ucl_code": "UCL521015", "ucl_name": "Corrigin (L)", "area_sqkm": 4.569}}, {"type": "Feature", "geometry": {"type": "Point", "coordinates": [117.23824495501498, -31.656689678795523]}, "properties": {"ucl_code": "UCL521016", "ucl_name": "Cunderdin (L)", "area_sqkm": 3.703}}, {"type": "Feature", "geometry": {"type": "Point", "coordinates": [116.65951604530616, -30.27830055578019]}, "properties": {"ucl_code": "UCL521017", "ucl_name": "Dalwallinu (L)", "area_sqkm": 4.053}}, {"type": "Feature", "geometry": {"type": "Point", "coordinates": [115.75758748919503, -33.400539883461164]}, "properties": {"ucl_code": "UCL521018", "ucl_name": "Dardanup (L)", "area_sqkm": 1.008}}, {"type": "Feature", "geometry": {"type": "Point", "coordinates": [113.53430514830303, -25.92351229043343]}, "properties": {"ucl_code": "UCL521019", "ucl_name": "Denham (L)", "area_sqkm": 1.694}}, {"type": "Feature", "geometry": {"type": "Point", "coordinates": [115.50600259582308, -31.291094261846617]}, "properties": {"ucl_code": "UCL521020", "ucl_name": "Gabbadah (L)", "area_sqkm": 65.349}}, {"type": "Feature", "geometry": {"type": "Point", "coordinates": [115.91504434576274, -31.343135106080425]}, "properties": {"ucl_code": "UCL521021", "ucl_name": "Gingin (L)", "area_sqkm": 9.478}}, {"type": "Feature", "geometry": {"type": "Point", "coordinates": [114.99732782820118, -33.98716092993865]}, "properties": {"ucl_code": "UCL521022", "ucl_name": "Gnarabup - Prevelly (L)", "area_sqkm": 4.575}}, {"type": "Feature", "geometry": {"type": "Point", "coordinates": [118.00445135143138, -33.93555351716138]}, "properties": {"ucl_code": "UCL521023", "ucl_name": "Gnowangerup (L)", "area_sqkm": 3.788}}, {"type": "Feature", "geometry": {"type": "Point", "coordinates": [127.6744052288403, -18.22290766639006]}, "properties": {"ucl_code": "UCL521024", "ucl_name": "Halls Creek (L)", "area_sqkm": 45.173}}, {"type": "Feature", "geometry": {"type": "Point", "coordinates": [120.12201454516676, -33.942666353818794]}, "properties": {"ucl_code": "UCL521025", "ucl_name": "Hopetoun (L) (WA)", "area_sqkm": 4.048}}, {"type": "Feature", "geometry": {"type": "Point", "coordinates": [116.05177404900738, -32.34757160306181]}, "properties": {"ucl_code": "UCL521026", "ucl_name": "Jarrahdale (L)", "area_sqkm": 3.007}}, {"type": "Feature", "geometry": {"type": "Point", "coordinates": [121.66269709834097, -31.216681669162732]}, "properties": {"ucl_code": "UCL521027", "ucl_name": "Kambalda East (L)", "area_sqkm": 25.717}}, {"type": "Feature", "geometry": {"type": "Point", "coordinates": [117.71812052713057, -31.62849250993196]}, "properties": {"ucl_code": "UCL521028", "ucl_name": "Kellerberrin (L)", "area_sqkm": 5.27}}, {"type": "Feature", "geometry": {"type": "Point", "coordinates": [117.16078530692687, -33.833197541980944]}, "properties": {"ucl_code": "UCL521029", "ucl_name": "Kojonup (L)", "area_sqkm": 6.505}}, {"type": "Feature", "geometry": {"type": "Point", "coordinates": [115.33102227953546, -31.015622207635666]}, "properties": {"ucl_code": "UCL521030", "ucl_name": "Lancelin (L)", "area_sqkm": 2.182}}, {"type": "Feature", "geometry": {"type": "Point", "coordinates": [121.31303226581304, -28.882946976703096]}, "properties": {"ucl_code": "UCL521031", "ucl_name": "Leonora (L)", "area_sqkm": 3.908}}, {"type": "Feature", "geometry": {"type": "Point", "coordinates": [118.49762387864538, -26.594989954222374]}, "properties": {"ucl_code": "UCL521032", "ucl_name": "Meekatharra (L)", "area_sqkm": 1.617}}, {"type": "Feature", "geometry": {"type": "Point", "coordinates": [117.84617455714161, -28.057703991618425]}, "properties": {"ucl_code": "UCL521033", "ucl_name": "Mount Magnet (L)", "area_sqkm": 2.81}}, {"type": "Feature", "geometry": {"type": "Point", "coordinates": [115.97206726860364, -31.58232019901334]}, "properties": {"ucl_code": "UCL521034", "ucl_name": "Muchea (L)", "area_sqkm": 5.713}}, {"type": "Feature", "geometry": {"type": "Point", "coordinates": [115.76314211169526, -33.98527944555826]}, "properties": {"ucl_code": "UCL521035", "ucl_name": "Nannup (L)", "area_sqkm": 2.132}}, {"type": "Feature", "geometry": {"type": "Point", "coordinates": [121.77881416365506, -32.194214865311494]}, "properties": {"ucl_code": "UCL521036", "ucl_name": "Norseman (L)", "area_sqkm": 6.069}}, {"type": "Feature", "geometry": {"type": "Point", "coordinates": [115.8947925795558, -32.60101158276327]}, "properties": {"ucl_code": "UCL521037", "ucl_name": "North Pinjarra (L)", "area_sqkm": 1.006}}, {"type": "Feature", "geometry": {"type": "Point", "coordinates": [114.6346743917837, -28.352605161734804]}, "properties": {"ucl_code": "UCL521038", "ucl_name": "Northampton (L)", "area_sqkm": 6.753}}, {"type": "Feature", "geometry": {"type": "Point", "coordinates": [117.33387482510719, -34.99528948842906]}, "properties": {"ucl_code": "UCL521039", "ucl_name": "Ocean Beach (L)", "area_sqkm": 2.4}}, {"type": "Feature", "geometry": {"type": "Point", "coordinates": [115.11231409944597, -21.65810169004928]}, "properties": {"ucl_code": "UCL521040", "ucl_name": "Onslow (L)", "area_sqkm": 14.336}}, {"type": "Feature", "geometry": {"type": "Point", "coordinates": [116.33525247261312, -21.6344255268165]}, "properties": {"ucl_code": "UCL521041", "ucl_name": "Pannawonica (L)", "area_sqkm": 27.608}}, {"type": "Feature", "geometry": {"type": "Point", "coordinates": [116.0388152768264, -34.44895510867612]}, "properties": {"ucl_code": "UCL521042", "ucl_name": "Pemberton (L)", "area_sqkm": 3.128}}, {"type": "Feature", "geometry": {"type": "Point", "coordinates": [115.50894919329312, -33.523985218310685]}, "properties": {"ucl_code": "UCL521043", "ucl_name": "Peppermint Grove Beach (L)", "area_sqkm": 1.098}}, {"type": "Feature", "geometry": {"type": "Point", "coordinates": [117.08847718811094, -32.53012311553005]}, "properties": {"ucl_code": "UCL521044", "ucl_name": "Pingelly (L)", "area_sqkm": 11.43}}, {"type": "Feature", "geometry": {"type": "Point", "coordinates": [117.40185560857086, -32.00919744164973]}, "properties": {"ucl_code": "UCL521045", "ucl_name": "Quairading (L)", "area_sqkm": 2.496}}, {"type": "Feature", "geometry": {"type": "Point", "coordinates": [117.14267392886369, -20.763963983015152]}, "properties": {"ucl_code": "UCL521046", "ucl_name": "Roebourne (L)", "area_sqkm": 4.946}}, {"type": "Feature", "geometry": {"type": "Point", "coordinates": [119.32543742848, -31.226806946877215]}, "properties": {"ucl_code": "UCL521047", "ucl_name": "Southern Cross (L)", "area_sqkm": 1.962}}, {"type": "Feature", "geometry": {"type": "Point", "coordinates": [116.45749166408336, -31.548238802380922]}, "properties": {"ucl_code": "UCL521048", "ucl_name": "Toodyay (L)", "area_sqkm": 3.589}}, {"type": "Feature", "geometry": {"type": "Point", "coordinates": [126.58361408835373, -26.140160843216314]}, "properties": {"ucl_code": "UCL521049", "ucl_name": "Warburton (L) (WA)", "area_sqkm": 21.506}}, {"type": "Feature", "geometry": {"type": "Point", "coordinates": [116.72252345629158, -30.8966645859134]}, "properties": {"ucl_code": "UCL521050", "ucl_name": "Wongan Hills (L)", "area_sqkm": 4.167}}, {"type": "Feature", "geometry": {"type": "Point", "coordinates": [116.38781096293172, -31.769492717973254]}, "properties": {"ucl_code": "UCL521051", "ucl_name": "Wundowie (L)", "area_sqkm": 4.551}}, {"type": "Feature", "geometry": {"type": "Point", "coordinates": [128.1199425348313, -15.485682109628238]}, "properties": {"ucl_code": "UCL521052", "ucl_name": "Wyndham (L)", "area_sqkm": 2.236}}, {"type": "Feature", "geometry": {"type": "Point", "coordinates": [127.98202907025058, -20.145190497873223]}, "properties": {"ucl_code": "UCL522001", "ucl_name": "Balgo (L)", "area_sqkm": 10.009}}, {"type": "Feature", "geometry": {"type": "Point", "coordinates": [115.98871763346142, -33.78397160830763]}, "properties": {"ucl_code": "UCL522002", "ucl_name": "Balingup (L)", "area_sqkm": 2.099}}, {"type": "Feature", "geometry": {"type": "Point", "coordinates": [123.05308838802489, -16.44825523577191]}, "properties": {"ucl_code": "UCL522003", "ucl_name": "Bardi (One Arm Point) (L)", "area_sqkm": 6.034}}, {"type": "Feature", "geometry": {"type": "Point", "coordinates": [125.59357994939981, -18.29648174456279]}, "properties": {"ucl_code": "UCL522004", "ucl_name": "Bayulu (L)", "area_sqkm": 7.356}}, {"type": "Feature", "geometry": {"type": "Point", "coordinates": [122.65728452961642, -17.00282943573241]}, "properties": {"ucl_code": "UCL522005", "ucl_name": "Beagle Bay (L)", "area_sqkm": 11.405}}, {"type": "Feature", "geometry": {"type": "Point", "coordinates": [116.09090715533014, -32.00448259962548]}, "properties": {"ucl_code": "UCL522006", "ucl_name": "Bickley (L)", "area_sqkm": 1.282}}, {"type": "Feature", "geometry": {"type": "Point", "coordinates": [119.38988617719534, -34.39303457434464]}, "properties": {"ucl_code": "UCL522007", "ucl_name": "Bremer Bay (L)", "area_sqkm": 1.74}}, {"type": "Feature", "geometry": {"type": "Point", "coordinates": [117.63752568071143, -33.85043402396339]}, "properties": {"ucl_code": "UCL522008", "ucl_name": "Broomehill Village (L)", "area_sqkm": 8.592}}, {"type": "Feature", "geometry": {"type": "Point", "coordinates": [115.9994009277012, -31.66810503790546]}, "properties": {"ucl_code": "UCL522009", "ucl_name": "Bullsbrook - West (L)", "area_sqkm": 0.462}}, {"type": "Feature", "geometry": {"type": "Point", "coordinates": [116.09797766202712, -32.02109232427949]}, "properties": {"ucl_code": "UCL522010", "ucl_name": "Carmel (L)", "area_sqkm": 0.975}}, {"type": "Feature", "geometry": {"type": "Point", "coordinates": [115.88220414078421, -29.68966773483637]}, "properties": {"ucl_code": "UCL522011", "ucl_name": "Carnamah (L)", "area_sqkm": 3.149}}, {"type": "Feature", "geometry": {"type": "Point", "coordinates": [115.07321383046019, -30.502818076077617]}, "properties": {"ucl_code": "UCL522012", "ucl_name": "Cervantes (L)", "area_sqkm": 9.787}}, {"type": "Feature", "geometry": {"type": "Point", "coordinates": [115.88810555861087, -32.996352669308806]}, "properties": {"ucl_code": "UCL522013", "ucl_name": "Cookernup (L)", "area_sqkm": 4.112}}, {"type": "Feature", "geometry": {"type": "Point", "coordinates": [115.874058144724, -32.74002211412063]}, "properties": {"ucl_code": "UCL522014", "ucl_name": "Coolup (L)", "area_sqkm": 2.479}}, {"type": "Feature", "geometry": {"type": "Point", "coordinates": [113.77307965088394, -23.144166936642463]}, "properties": {"ucl_code": "UCL522015", "ucl_name": "Coral Bay (L)", "area_sqkm": 1.935}}, {"type": "Feature", "geometry": {"type": "Point", "coordinates": [117.55879183964765, -34.290718535098264]}, "properties": {"ucl_code": "UCL522016", "ucl_name": "Cranbrook (L)", "area_sqkm": 5.768}}, {"type": "Feature", "geometry": {"type": "Point", "coordinates": [117.17896452794466, -32.82003403659233]}, "properties": {"ucl_code": "UCL522017", "ucl_name": "Cuballing (L)", "area_sqkm": 4.511}}, {"type": "Feature", "geometry": {"type": "Point", "coordinates": [122.91093853009811, -16.520382046028715]}, "properties": {"ucl_code": "UCL522020", "ucl_name": "Djarindjin - Lombadina (L)", "area_sqkm": 8.195}}, {"type": "Feature", "geometry": {"type": "Point", "coordinates": [117.037531245, -31.189071586562918]}, "properties": {"ucl_code": "UCL522021", "ucl_name": "Dowerin (L)", "area_sqkm": 1.958}}, {"type": "Feature", "geometry": {"type": "Point", "coordinates": [117.73594730340758, -33.31623340153993]}, "properties": {"ucl_code": "UCL522022", "ucl_name": "Dumbleyung (L)", "area_sqkm": 1.715}}, {"type": "Feature", "geometry": {"type": "Point", "coordinates": [116.05811536675812, -32.71084687371011]}, "properties": {"ucl_code": "UCL522023", "ucl_name": "Dwellingup (L)", "area_sqkm": 1.737}}, {"type": "Feature", "geometry": {"type": "Point", "coordinates": [117.93144788200587, -35.08633829026742]}, "properties": {"ucl_code": "UCL522024", "ucl_name": "Goode Beach (L)", "area_sqkm": 1.165}}, {"type": "Feature", "geometry": {"type": "Point", "coordinates": [116.83200979689462, -31.29812365670108]}, "properties": {"ucl_code": "UCL522025", "ucl_name": "Goomalling (L)", "area_sqkm": 3.786}}, {"type": "Feature", "geometry": {"type": "Point", "coordinates": [114.97762772670089, -30.063317144552464]}, "properties": {"ucl_code": "UCL522026", "ucl_name": "Green Head (L)", "area_sqkm": 6.418}}, {"type": "Feature", "geometry": {"type": "Point", "coordinates": [116.05652688243462, -33.846921909282585]}, "properties": {"ucl_code": "UCL522027", "ucl_name": "Greenbushes (L)", "area_sqkm": 0.709}}, {"type": "Feature", "geometry": {"type": "Point", "coordinates": [116.02021589022698, -31.826273267471684]}, "properties": {"ucl_code": "UCL522029", "ucl_name": "Herne Hill (L)", "area_sqkm": 0.35}}, {"type": "Feature", "geometry": {"type": "Point", "coordinates": [118.91644676722493, -33.95221977206433]}, "properties": {"ucl_code": "UCL522030", "ucl_name": "Jerramungup (L)", "area_sqkm": 4.043}}, {"type": "Feature", "geometry": {"type": "Point", "coordinates": [120.78141503431104, -23.362148733522638]}, "properties": {"ucl_code": "UCL522031", "ucl_name": "Jigalong (L)", "area_sqkm": 14.424}}, {"type": "Feature", "geometry": {"type": "Point", "coordinates": [126.64754346179683, -14.299929143251504]}, "properties": {"ucl_code": "UCL522032", "ucl_name": "Kalumburu (L)", "area_sqkm": 4.048}}, {"type": "Feature", "geometry": {"type": "Point", "coordinates": [117.61849524023265, -34.48560821763305]}, "properties": {"ucl_code": "UCL522033", "ucl_name": "Kendenup (L)", "area_sqkm": 3.346}}, {"type": "Feature", "geometry": {"type": "Point", "coordinates": [118.26837593742574, -32.49607291323254]}, "properties": {"ucl_code": "UCL522035", "ucl_name": "Kondinin (L)", "area_sqkm": 1.908}}, {"type": "Feature", "geometry": {"type": "Point", "coordinates": [117.47841767695198, -30.819235612662048]}, "properties": {"ucl_code": "UCL522036", "ucl_name": "Koorda (L)", "area_sqkm": 7.223}}, {"type": "Feature", "geometry": {"type": "Point", "coordinates": [118.1622307049692, -32.6680095747907]}, "properties": {"ucl_code": "UCL522037", "ucl_name": "Kulin (L)", "area_sqkm": 2.768}}, {"type": "Feature", "geometry": {"type": "Point", "coordinates": [118.4639680655321, -33.10174259238927]}, "properties": {"ucl_code": "UCL522038", "ucl_name": "Lake Grace (L)", "area_sqkm": 1.887}}, {"type": "Feature", "geometry": {"type": "Point", "coordinates": [122.41392842699553, -28.62279734244512]}, "properties": {"ucl_code": "UCL522039", "ucl_name": "Laverton (L)", "area_sqkm": 11.693}}, {"type": "Feature", "geometry": {"type": "Point", "coordinates": [115.37431723094431, -31.102976660600618]}, "properties": {"ucl_code": "UCL522040", "ucl_name": "Ledge Point (L)", "area_sqkm": 1.059}}, {"type": "Feature", "geometry": {"type": "Point", "coordinates": [114.98099141909006, -29.955856152115445]}, "properties": {"ucl_code": "UCL522041", "ucl_name": "Leeman (L)", "area_sqkm": 7.937}}, {"type": "Feature", "geometry": {"type": "Point", "coordinates": [120.69852570951196, -27.913205957748005]}, "properties": {"ucl_code": "UCL522042", "ucl_name": "Leinster (L)", "area_sqkm": 1.97}}, {"type": "Feature", "geometry": {"type": "Point", "coordinates": [124.12481874785183, -18.044037459726752]}, "properties": {"ucl_code": "UCL522043", "ucl_name": "Looma (L)", "area_sqkm": 40.442}}, {"type": "Feature", "geometry": {"type": "Point", "coordinates": [127.66017670444515, -19.54703170550517]}, "properties": {"ucl_code": "UCL522045", "ucl_name": "Mindibungu (L)", "area_sqkm": 11.66}}, {"type": "Feature", "geometry": {"type": "Point", "coordinates": [115.44964119495742, -29.197599572455474]}, "properties": {"ucl_code": "UCL522046", "ucl_name": "Mingenew (L)", "area_sqkm": 2.583}}, {"type": "Feature", "geometry": {"type": "Point", "coordinates": [116.01675409146154, -29.207862176287975]}, "properties": {"ucl_code": "UCL522047", "ucl_name": "Morawa (L)", "area_sqkm": 4.251}}, {"type": "Feature", "geometry": {"type": "Point", "coordinates": [118.20524320957281, -30.917691473750338]}, "properties": {"ucl_code": "UCL522048", "ucl_name": "Mukinbudin (L)", "area_sqkm": 2.145}}, {"type": "Feature", "geometry": {"type": "Point", "coordinates": [115.51295409383155, -28.54013814074693]}, "properties": {"ucl_code": "UCL522049", "ucl_name": "Mullewa (L)", "area_sqkm": 2.911}}, {"type": "Feature", "geometry": {"type": "Point", "coordinates": [118.39271859249483, -32.06452576098913]}, "properties": {"ucl_code": "UCL522050", "ucl_name": "Narembeen (L)", "area_sqkm": 1.209}}, {"type": "Feature", "geometry": {"type": "Point", "coordinates": [115.96708747741908, -32.51604864894613]}, "properties": {"ucl_code": "UCL522051", "ucl_name": "North Dandalup (L)", "area_sqkm": 1.732}}, {"type": "Feature", "geometry": {"type": "Point", "coordinates": [117.19717373096587, -20.631309474065457]}, "properties": {"ucl_code": "UCL522055", "ucl_name": "Point Samson (L)", "area_sqkm": 0.692}}, {"type": "Feature", "geometry": {"type": "Point", "coordinates": [120.04914619383834, -33.58391793520606]}, "properties": {"ucl_code": "UCL522056", "ucl_name": "Ravensthorpe (L)", "area_sqkm": 3.022}}, {"type": "Feature", "geometry": {"type": "Point", "coordinates": [117.63347106700851, -34.042224034973046]}, "properties": {"ucl_code": "UCL522058", "ucl_name": "Tambellup (L)", "area_sqkm": 5.412}}, {"type": "Feature", "geometry": {"type": "Point", "coordinates": [115.76362290868099, -29.533950776211007]}, "properties": {"ucl_code": "UCL522059", "ucl_name": "Three Springs (L)", "area_sqkm": 1.068}}, {"type": "Feature", "geometry": {"type": "Point", "coordinates": [116.71611736126324, -34.97626107391296]}, "properties": {"ucl_code": "UCL522061", "ucl_name": "Walpole (L)", "area_sqkm": 4.526}}, {"type": "Feature", "geometry": {"type": "Point", "coordinates": [125.92763394629733, -18.891275373765822]}, "properties": {"ucl_code": "UCL522062", "ucl_name": "Wangkatjungka (L)", "area_sqkm": 3.115}}, {"type": "Feature", "geometry": {"type": "Point", "coordinates": [128.22363020922137, -17.02661165496196]}, "properties": {"ucl_code": "UCL522064", "ucl_name": "Warmun (L)", "area_sqkm": 20.262}}, {"type": "Feature", "geometry": {"type": "Point", "coordinates": [117.50364909166484, -32.781084305438014]}, "properties": {"ucl_code": "UCL522065", "ucl_name": "Wickepin (L)", "area_sqkm": 1.332}}, {"type": "Feature", "geometry": {"type": "Point", "coordinates": [116.8849319505603, -33.02689502195971]}, "properties": {"ucl_code": "UCL522066", "ucl_name": "Williams (L)", "area_sqkm": 1.688}}, {"type": "Feature", "geometry": {"type": "Point", "coordinates": [120.2171060465946, -26.59659427268179]}, "properties": {"ucl_code": "UCL522067", "ucl_name": "Wiluna (L)", "area_sqkm": 4.221}}, {"type": "Feature", "geometry": {"type": "Point", "coordinates": [116.32398411676355, -31.800537650993235]}, "properties": {"ucl_code": "UCL522068", "ucl_name": "Wooroloo (L)", "area_sqkm": 7.128}}, {"type": "Feature", "geometry": {"type": "Point", "coordinates": [117.38192020281114, -31.17658579405635]}, "properties": {"ucl_code": "UCL522069", "ucl_name": "Wyalkatchem (L)", "area_sqkm": 1.994}}, {"type": "Feature", "geometry": {"type": "Point", "coordinates": [115.90590947614392, -32.952287403995214]}, "properties": {"ucl_code": "UCL522070", "ucl_name": "Yarloop (L)", "area_sqkm": 3.298}}, {"type": "Feature", "geometry": {"type": "Point", "coordinates": [124.82565162806613, -18.505123614164013]}, "properties": {"ucl_code": "UCL522071", "ucl_name": "Yungngora (L)", "area_sqkm": 3.756}}, {"type": "Feature", "geometry": {"type": "Point", "coordinates": [147.22723809924793, -42.716309201482616]}, "properties": {"ucl_code": "UCL603001", "ucl_name": "Hobart", "area_sqkm": 237.263}}, {"type": "Feature", "geometry": {"type": "Point", "coordinates": [147.15145573980914, -41.434717165925875]}, "properties": {"ucl_code": "UCL611001", "ucl_name": "Launceston", "area_sqkm": 95.108}}, {"type": "Feature", "geometry": {"type": "Point", "coordinates": [145.89190342960592, -41.06437206689081]}, "properties": {"ucl_code": "UCL612001", "ucl_name": "Burnie - Somerset", "area_sqkm": 31.341}}, {"type": "Feature", "geometry": {"type": "Point", "coordinates": [146.33638313151027, -41.201411931708414]}, "properties": {"ucl_code": "UCL612002", "ucl_name": "Devonport", "area_sqkm": 32.137}}, {"type": "Feature", "geometry": {"type": "Point", "coordinates": [146.18139535982067, -41.16085369037676]}, "properties": {"ucl_code": "UCL613001", "ucl_name": "Ulverstone", "area_sqkm": 17.058}}, {"type": "Feature", "geometry": {"type": "Point", "coordinates": [147.6348524618748, -42.848536803103045]}, "properties": {"ucl_code": "UCL614001", "ucl_name": "Dodges Ferry - Lewisham", "area_sqkm": 12.949}}, {"type": "Feature", "geometry": {"type": "Point", "coordinates": [147.05261359747328, -42.77321603822418]}, "properties": {"ucl_code": "UCL614002", "ucl_name": "New Norfolk", "area_sqkm": 10.696}}, {"type": "Feature", "geometry": {"type": "Point", "coordinates": [145.72932351897703, -40.99356670694671]}, "properties": {"ucl_code": "UCL614003", "ucl_name": "Wynyard", "area_sqkm": 13.755}}, {"type": "Feature", "geometry": {"type": "Point", "coordinates": [146.8133167787779, -41.19811532698624]}, "properties": {"ucl_code": "UCL615001", "ucl_name": "Beaconsfield", "area_sqkm": 3.424}}, {"type": "Feature", "geometry": {"type": "Point", "coordinates": [146.81789284481565, -41.15787546667289]}, "properties": {"ucl_code": "UCL615002", "ucl_name": "Beauty Point", "area_sqkm": 2.698}}, {"type": "Feature", "geometry": {"type": "Point", "coordinates": [147.38407586054353, -40.99763182964554]}, "properties": {"ucl_code": "UCL615003", "ucl_name": "Bridport", "area_sqkm": 4.053}}, {"type": "Feature", "geometry": {"type": "Point", "coordinates": [147.07911025058905, -43.160220462788565]}, "properties": {"ucl_code": "UCL615004", "ucl_name": "Cygnet", "area_sqkm": 2.314}}, {"type": "Feature", "geometry": {"type": "Point", "coordinates": [146.65770578232085, -41.52787545638766]}, "properties": {"ucl_code": "UCL615005", "ucl_name": "Deloraine", "area_sqkm": 4.739}}, {"type": "Feature", "geometry": {"type": "Point", "coordinates": [147.25174214564777, -41.56942916601757]}, "properties": {"ucl_code": "UCL615006", "ucl_name": "Evandale", "area_sqkm": 2.414}}, {"type": "Feature", "geometry": {"type": "Point", "coordinates": [146.95667942485827, -41.30835529380616]}, "properties": {"ucl_code": "UCL615007", "ucl_name": "Exeter (Tas.)", "area_sqkm": 7.751}}, {"type": "Feature", "geometry": {"type": "Point", "coordinates": [146.8361826660572, -41.10865847134586]}, "properties": {"ucl_code": "UCL615008", "ucl_name": "George Town", "area_sqkm": 6.83}}, {"type": "Feature", "geometry": {"type": "Point", "coordinates": [147.06100732874762, -41.505559621167684]}, "properties": {"ucl_code": "UCL615009", "ucl_name": "Hadspen", "area_sqkm": 2.267}}, {"type": "Feature", "geometry": {"type": "Point", "coordinates": [147.04958180496843, -43.01911588338817]}, "properties": {"ucl_code": "UCL615010", "ucl_name": "Huonville", "area_sqkm": 5.808}}, {"type": "Feature", "geometry": {"type": "Point", "coordinates": [146.41892180177473, -41.23547990079348]}, "properties": {"ucl_code": "UCL615011", "ucl_name": "Latrobe", "area_sqkm": 6.347}}, {"type": "Feature", "geometry": {"type": "Point", "coordinates": [147.0538971187866, -41.36067919046807]}, "properties": {"ucl_code": "UCL615012", "ucl_name": "Legana", "area_sqkm": 14.164}}, {"type": "Feature", "geometry": {"type": "Point", "coordinates": [147.1228103957237, -41.59846805213434]}, "properties": {"ucl_code": "UCL615013", "ucl_name": "Longford", "area_sqkm": 6.31}}, {"type": "Feature", "geometry": {"type": "Point", "coordinates": [147.26715163049474, -43.033152106983835]}, "properties": {"ucl_code": "UCL615014", "ucl_name": "Margate", "area_sqkm": 2.986}}, {"type": "Feature", "geometry": {"type": "Point", "coordinates": [147.52945713156504, -42.79297795550879]}, "properties": {"ucl_code": "UCL615015", "ucl_name": "Midway Point", "area_sqkm": 2.124}}, {"type": "Feature", "geometry": {"type": "Point", "coordinates": [146.07364068447032, -41.11945878406928]}, "properties": {"ucl_code": "UCL615016", "ucl_name": "Penguin", "area_sqkm": 4.673}}, {"type": "Feature", "geometry": {"type": "Point", "coordinates": [147.16987461779024, -41.571279981443155]}, "properties": {"ucl_code": "UCL615017", "ucl_name": "Perth (Tas.)", "area_sqkm": 2.921}}, {"type": "Feature", "geometry": {"type": "Point", "coordinates": [146.53262634998458, -41.145444975501206]}, "properties": {"ucl_code": "UCL615018", "ucl_name": "Port Sorell", "area_sqkm": 9.608}}, {"type": "Feature", "geometry": {"type": "Point", "coordinates": [147.67644088798244, -42.8874874764681]}, "properties": {"ucl_code": "UCL615019", "ucl_name": "Primrose Sands", "area_sqkm": 7.69}}, {"type": "Feature", "geometry": {"type": "Point", "coordinates": [145.54639539538636, -42.087265032883224]}, "properties": {"ucl_code": "UCL615020", "ucl_name": "Queenstown", "area_sqkm": 3.054}}, {"type": "Feature", "geometry": {"type": "Point", "coordinates": [147.51388867238686, -41.15841552016191]}, "properties": {"ucl_code": "UCL615021", "ucl_name": "Scottsdale", "area_sqkm": 3.027}}, {"type": "Feature", "geometry": {"type": "Point", "coordinates": [146.32997181331206, -41.3830972109192]}, "properties": {"ucl_code": "UCL615022", "ucl_name": "Sheffield", "area_sqkm": 3.566}}, {"type": "Feature", "geometry": {"type": "Point", "coordinates": [145.11638604583558, -40.849281086025314]}, "properties": {"ucl_code": "UCL615023", "ucl_name": "Smithton", "area_sqkm": 9.073}}, {"type": "Feature", "geometry": {"type": "Point", "coordinates": [147.26780049368264, -43.07661148750803]}, "properties": {"ucl_code": "UCL615024", "ucl_name": "Snug", "area_sqkm": 2.555}}, {"type": "Feature", "geometry": {"type": "Point", "coordinates": [147.55153330030532, -42.78378777138954]}, "properties": {"ucl_code": "UCL615025", "ucl_name": "Sorell", "area_sqkm": 4.907}}, {"type": "Feature", "geometry": {"type": "Point", "coordinates": [148.24960533451946, -41.321363430051434]}, "properties": {"ucl_code": "UCL615026", "ucl_name": "St Helens", "area_sqkm": 4.63}}, {"type": "Feature", "geometry": {"type": "Point", "coordinates": [146.84152072484994, -41.52863505345141]}, "properties": {"ucl_code": "UCL615027", "ucl_name": "Westbury", "area_sqkm": 5.49}}, {"type": "Feature", "geometry": {"type": "Point", "coordinates": [147.22131885977808, -42.59926952071605]}, "properties": {"ucl_code": "UCL621001", "ucl_name": "Bagdad (L)", "area_sqkm": 0.75}}, {"type": "Feature", "geometry": {"type": "Point", "coordinates": [148.28666960870152, -41.87098032786409]}, "properties": {"ucl_code": "UCL621002", "ucl_name": "Bicheno (L)", "area_sqkm": 3.051}}, {"type": "Feature", "geometry": {"type": "Point", "coordinates": [147.41835978417924, -42.66459522649781]}, "properties": {"ucl_code": "UCL621003", "ucl_name": "Campania (L)", "area_sqkm": 0.962}}, {"type": "Feature", "geometry": {"type": "Point", "coordinates": [147.48944363285173, -41.92659872769495]}, "properties": {"ucl_code": "UCL621004", "ucl_name": "Campbell Town (L)", "area_sqkm": 6.085}}, {"type": "Feature", "geometry": {"type": "Point", "coordinates": [147.01147216132773, -41.53088385317024]}, "properties": {"ucl_code": "UCL621005", "ucl_name": "Carrick (L)", "area_sqkm": 1.392}}, {"type": "Feature", "geometry": {"type": "Point", "coordinates": [147.54301242012593, -42.980977313175764]}, "properties": {"ucl_code": "UCL621006", "ucl_name": "Clifton Beach (L)", "area_sqkm": 7.356}}, {"type": "Feature", "geometry": {"type": "Point", "coordinates": [147.53065511557958, -42.957130956494666]}, "properties": {"ucl_code": "UCL621007", "ucl_name": "Cremorne (L)", "area_sqkm": 0.452}}, {"type": "Feature", "geometry": {"type": "Point", "coordinates": [147.07848244035944, -41.686481714202564]}, "properties": {"ucl_code": "UCL621008", "ucl_name": "Cressy (L)", "area_sqkm": 1.215}}, {"type": "Feature", "geometry": {"type": "Point", "coordinates": [143.85287079869732, -39.92340877109554]}, "properties": {"ucl_code": "UCL621009", "ucl_name": "Currie (L)", "area_sqkm": 4.144}}, {"type": "Feature", "geometry": {"type": "Point", "coordinates": [147.00321718098846, -43.320456287352854]}, "properties": {"ucl_code": "UCL621010", "ucl_name": "Dover (L)", "area_sqkm": 4.04}}, {"type": "Feature", "geometry": {"type": "Point", "coordinates": [147.2575506790409, -43.05489179636152]}, "properties": {"ucl_code": "UCL621011", "ucl_name": "Electrona (L)", "area_sqkm": 3.558}}, {"type": "Feature", "geometry": {"type": "Point", "coordinates": [147.26314844994604, -42.93401723195534]}, "properties": {"ucl_code": "UCL621012", "ucl_name": "Fern Tree (L)", "area_sqkm": 7.854}}, {"type": "Feature", "geometry": {"type": "Point", "coordinates": [146.91847822143703, -43.170192165673924]}, "properties": {"ucl_code": "UCL621013", "ucl_name": "Geeveston (L)", "area_sqkm": 3.082}}, {"type": "Feature", "geometry": {"type": "Point", "coordinates": [146.96476543107912, -41.2830452142132]}, "properties": {"ucl_code": "UCL621014", "ucl_name": "Gravelly Beach (L)", "area_sqkm": 5.993}}, {"type": "Feature", "geometry": {"type": "Point", "coordinates": [147.00638738081176, -41.352468512941826]}, "properties": {"ucl_code": "UCL621015", "ucl_name": "Grindelwald (L)", "area_sqkm": 5.917}}, {"type": "Feature", "geometry": {"type": "Point", "coordinates": [147.29816823785308, -43.01959317287354]}, "properties": {"ucl_code": "UCL621016", "ucl_name": "Howden (L)", "area_sqkm": 3.968}}, {"type": "Feature", "geometry": {"type": "Point", "coordinates": [146.80557966322866, -41.072740614733995]}, "properties": {"ucl_code": "UCL621017", "ucl_name": "Low Head (L)", "area_sqkm": 1.424}}, {"type": "Feature", "geometry": {"type": "Point", "coordinates": [147.36760293340018, -42.303605390105375]}, "properties": {"ucl_code": "UCL621018", "ucl_name": "Oatlands (L)", "area_sqkm": 1.558}}, {"type": "Feature", "geometry": {"type": "Point", "coordinates": [147.87809929829092, -42.54721434759525]}, "properties": {"ucl_code": "UCL621019", "ucl_name": "Orford (L)", "area_sqkm": 4.504}}, {"type": "Feature", "geometry": {"type": "Point", "coordinates": [146.42129328755686, -41.34585446754514]}, "properties": {"ucl_code": "UCL621020", "ucl_name": "Railton (L)", "area_sqkm": 4.011}}, {"type": "Feature", "geometry": {"type": "Point", "coordinates": [147.0386431471456, -43.01147311240372]}, "properties": {"ucl_code": "UCL621021", "ucl_name": "Ranelagh (L)", "area_sqkm": 2.043}}, {"type": "Feature", "geometry": {"type": "Point", "coordinates": [147.4405857189098, -42.73552722816991]}, "properties": {"ucl_code": "UCL621022", "ucl_name": "Richmond (L) (Tas.)", "area_sqkm": 1.096}}, {"type": "Feature", "geometry": {"type": "Point", "coordinates": [145.5344332118817, -41.777841906595356]}, "properties": {"ucl_code": "UCL621023", "ucl_name": "Rosebery (L)", "area_sqkm": 5.611}}, {"type": "Feature", "geometry": {"type": "Point", "coordinates": [148.25930987585494, -41.46328857741912]}, "properties": {"ucl_code": "UCL621024", "ucl_name": "Scamander (L)", "area_sqkm": 2.436}}, {"type": "Feature", "geometry": {"type": "Point", "coordinates": [147.41625260861576, -43.02861006755067]}, "properties": {"ucl_code": "UCL621025", "ucl_name": "South Arm (L)", "area_sqkm": 0.852}}, {"type": "Feature", "geometry": {"type": "Point", "coordinates": [145.3025257920012, -40.76460837786709]}, "properties": {"ucl_code": "UCL621026", "ucl_name": "Stanley (L)", "area_sqkm": 1.887}}, {"type": "Feature", "geometry": {"type": "Point", "coordinates": [148.3073137285221, -41.31967147989866]}, "properties": {"ucl_code": "UCL621027", "ucl_name": "Stieglitz (L)", "area_sqkm": 2.722}}, {"type": "Feature", "geometry": {"type": "Point", "coordinates": [145.33454745632997, -42.15802415817221]}, "properties": {"ucl_code": "UCL621028", "ucl_name": "Strahan (L)", "area_sqkm": 4.522}}, {"type": "Feature", "geometry": {"type": "Point", "coordinates": [146.02438576015876, -41.09410097713997]}, "properties": {"ucl_code": "UCL621029", "ucl_name": "Sulphur Creek (L)", "area_sqkm": 0.619}}, {"type": "Feature", "geometry": {"type": "Point", "coordinates": [148.07482030268, -42.12928139593464]}, "properties": {"ucl_code": "UCL621030", "ucl_name": "Swansea (L)", "area_sqkm": 1.867}}, {"type": "Feature", "geometry": {"type": "Point", "coordinates": [147.91387808266003, -42.50258998956886]}, "properties": {"ucl_code": "UCL621031", "ucl_name": "Triabunna (L)", "area_sqkm": 2.519}}, {"type": "Feature", "geometry": {"type": "Point", "coordinates": [145.33817611019208, -41.88799522728322]}, "properties": {"ucl_code": "UCL621032", "ucl_name": "Zeehan (L)", "area_sqkm": 2.508}}, {"type": "Feature", "geometry": {"type": "Point", "coordinates": [148.30798222086725, -41.25252781956866]}, "properties": {"ucl_code": "UCL622001", "ucl_name": "Binalong Bay (L)", "area_sqkm": 1.014}}, {"type": "Feature", "geometry": {"type": "Point", "coordinates": [147.01795767422647, -42.389726821809575]}, "properties": {"ucl_code": "UCL622002", "ucl_name": "Bothwell (L)", "area_sqkm": 9.197}}, {"type": "Feature", "geometry": {"type": "Point", "coordinates": [146.93557625563903, -41.65049021413894]}, "properties": {"ucl_code": "UCL622003", "ucl_name": "Bracknell (L)", "area_sqkm": 1.419}}, {"type": "Feature", "geometry": {"type": "Point", "coordinates": [147.05623285934718, -41.32790969958928]}, "properties": {"ucl_code": "UCL622005", "ucl_name": "Dilston (L)", "area_sqkm": 3.164}}, {"type": "Feature", "geometry": {"type": "Point", "coordinates": [147.8108565818178, -42.884368908958535]}, "properties": {"ucl_code": "UCL622006", "ucl_name": "Dunalley (L)", "area_sqkm": 2.575}}, {"type": "Feature", "geometry": {"type": "Point", "coordinates": [147.90869966390545, -43.023269460495825]}, "properties": {"ucl_code": "UCL622007", "ucl_name": "Eaglehawk Neck (L)", "area_sqkm": 10.079}}, {"type": "Feature", "geometry": {"type": "Point", "coordinates": [147.97770783823358, -41.64550508993055]}, "properties": {"ucl_code": "UCL622008", "ucl_name": "Fingal (L)", "area_sqkm": 4.57}}, {"type": "Feature", "geometry": {"type": "Point", "coordinates": [146.24816083993886, -41.18972667876271]}, "properties": {"ucl_code": "UCL622009", "ucl_name": "Forth (L)", "area_sqkm": 1.359}}, {"type": "Feature", "geometry": {"type": "Point", "coordinates": [147.0102172942764, -43.08925248686841]}, "properties": {"ucl_code": "UCL622010", "ucl_name": "Franklin (L)", "area_sqkm": 0.702}}, {"type": "Feature", "geometry": {"type": "Point", "coordinates": [146.16702605314222, -41.18630865277978]}, "properties": {"ucl_code": "UCL622011", "ucl_name": "Gawler (L) (Tas.)", "area_sqkm": 5.124}}, {"type": "Feature", "geometry": {"type": "Point", "coordinates": [145.9950842846238, -41.07882015362731]}, "properties": {"ucl_code": "UCL622012", "ucl_name": "Heybridge (L)", "area_sqkm": 0.967}}, {"type": "Feature", "geometry": {"type": "Point", "coordinates": [146.99228623881265, -41.239823238744904]}, "properties": {"ucl_code": "UCL622013", "ucl_name": "Hillwood (L)", "area_sqkm": 6.567}}, {"type": "Feature", "geometry": {"type": "Point", "coordinates": [147.19852192608033, -42.530391872798894]}, "properties": {"ucl_code": "UCL622014", "ucl_name": "Kempton (L)", "area_sqkm": 1.018}}, {"type": "Feature", "geometry": {"type": "Point", "coordinates": [147.22634471227002, -43.126785900349844]}, "properties": {"ucl_code": "UCL622015", "ucl_name": "Kettering (L)", "area_sqkm": 1.988}}, {"type": "Feature", "geometry": {"type": "Point", "coordinates": [147.21413980905442, -41.25509837725377]}, "properties": {"ucl_code": "UCL622016", "ucl_name": "Lilydale (L)", "area_sqkm": 1.36}}, {"type": "Feature", "geometry": {"type": "Point", "coordinates": [146.4077263099201, -41.55921887709252]}, "properties": {"ucl_code": "UCL622017", "ucl_name": "Mole Creek (L)", "area_sqkm": 1.016}}, {"type": "Feature", "geometry": {"type": "Point", "coordinates": [147.7463656930214, -43.101412364029]}, "properties": {"ucl_code": "UCL622018", "ucl_name": "Nubeena (L)", "area_sqkm": 1.779}}, {"type": "Feature", "geometry": {"type": "Point", "coordinates": [147.411168065963, -42.985440417242216]}, "properties": {"ucl_code": "UCL622019", "ucl_name": "Opossum Bay (L)", "area_sqkm": 4.643}}, {"type": "Feature", "geometry": {"type": "Point", "coordinates": [145.83534627567488, -41.145212303465165]}, "properties": {"ucl_code": "UCL622020", "ucl_name": "Ridgley (L)", "area_sqkm": 0.904}}, {"type": "Feature", "geometry": {"type": "Point", "coordinates": [147.4989321039333, -42.032003613129206]}, "properties": {"ucl_code": "UCL622021", "ucl_name": "Ross (L)", "area_sqkm": 2.575}}, {"type": "Feature", "geometry": {"type": "Point", "coordinates": [145.55172934957716, -40.91593302265812]}, "properties": {"ucl_code": "UCL622022", "ucl_name": "Sisters Beach (L)", "area_sqkm": 2.6}}, {"type": "Feature", "geometry": {"type": "Point", "coordinates": [148.18779957146566, -41.58318778201857]}, "properties": {"ucl_code": "UCL622023", "ucl_name": "St Marys (L)", "area_sqkm": 2.371}}, {"type": "Feature", "geometry": {"type": "Point", "coordinates": [146.96277764906944, -41.26129031330234]}, "properties": {"ucl_code": "UCL622024", "ucl_name": "Swan Point (L)", "area_sqkm": 1.748}}, {"type": "Feature", "geometry": {"type": "Point", "coordinates": [145.54481354556367, -41.45178388375763]}, "properties": {"ucl_code": "UCL622026", "ucl_name": "Waratah (L)", "area_sqkm": 3.813}}, {"type": "Feature", "geometry": {"type": "Point", "coordinates": [147.73904868269324, -43.118331063644646]}, "properties": {"ucl_code": "UCL622027", "ucl_name": "White Beach (L)", "area_sqkm": 4.322}}, {"type": "Feature", "geometry": {"type": "Point", "coordinates": [130.924168715646, -12.427809914398818]}, "properties": {"ucl_code": "UCL703001", "ucl_name": "Darwin", "area_sqkm": 240.324}}, {"type": "Feature", "geometry": {"type": "Point", "coordinates": [133.87218053315974, -23.745892244854165]}, "properties": {"ucl_code": "UCL712001", "ucl_name": "Alice Springs", "area_sqkm": 85.555}}, {"type": "Feature", "geometry": {"type": "Point", "coordinates": [132.27823527732113, -14.466928298664882]}, "properties": {"ucl_code": "UCL714001", "ucl_name": "Katherine", "area_sqkm": 17.276}}, {"type": "Feature", "geometry": {"type": "Point", "coordinates": [135.57242127582245, -12.025464815457546]}, "properties": {"ucl_code": "UCL715001", "ucl_name": "Galiwinku", "area_sqkm": 4.85}}, {"type": "Feature", "geometry": {"type": "Point", "coordinates": [133.0599140376514, -12.327219608354012]}, "properties": {"ucl_code": "UCL715002", "ucl_name": "Gunbalanya (Oenpelli)", "area_sqkm": 35.82}}, {"type": "Feature", "geometry": {"type": "Point", "coordinates": [134.23522526975648, -12.057163658338037]}, "properties": {"ucl_code": "UCL715003", "ucl_name": "Maningrida", "area_sqkm": 11.055}}, {"type": "Feature", "geometry": {"type": "Point", "coordinates": [134.9144972067777, -12.100069674866816]}, "properties": {"ucl_code": "UCL715004", "ucl_name": "Milingimbi", "area_sqkm": 4.444}}, {"type": "Feature", "geometry": {"type": "Point", "coordinates": [134.7431446601445, -14.733126165868953]}, "properties": {"ucl_code": "UCL715005", "ucl_name": "Ngukurr", "area_sqkm": 12.036}}, {"type": "Feature", "geometry": {"type": "Point", "coordinates": [136.7785097112805, -12.181107362715224]}, "properties": {"ucl_code": "UCL715006", "ucl_name": "Nhulunbuy", "area_sqkm": 7.647}}, {"type": "Feature", "geometry": {"type": "Point", "coordinates": [134.1923105658163, -19.645552526302865]}, "properties": {"ucl_code": "UCL715007", "ucl_name": "Tennant Creek", "area_sqkm": 8.559}}, {"type": "Feature", "geometry": {"type": "Point", "coordinates": [129.51693669508558, -14.24952513298637]}, "properties": {"ucl_code": "UCL715008", "ucl_name": "Wadeye", "area_sqkm": 20.838}}, {"type": "Feature", "geometry": {"type": "Point", "coordinates": [130.62426774242593, -11.755552288146653]}, "properties": {"ucl_code": "UCL715009", "ucl_name": "Wurrumiyanga (Nguiu)", "area_sqkm": 10.068}}, {"type": "Feature", "geometry": {"type": "Point", "coordinates": [136.41982070464206, -13.849284379662016]}, "properties": {"ucl_code": "UCL721001", "ucl_name": "Alyangula (L)", "area_sqkm": 2.149}}, {"type": "Feature", "geometry": {"type": "Point", "coordinates": [136.46139022216715, -13.97950923721901]}, "properties": {"ucl_code": "UCL721002", "ucl_name": "Angurugu (L)", "area_sqkm": 1.513}}, {"type": "Feature", "geometry": {"type": "Point", "coordinates": [136.3097134503828, -16.070119239215074]}, "properties": {"ucl_code": "UCL721003", "ucl_name": "Borroloola (L)", "area_sqkm": 12.563}}, {"type": "Feature", "geometry": {"type": "Point", "coordinates": [130.8052001782006, -17.427308661563142]}, "properties": {"ucl_code": "UCL721004", "ucl_name": "Daguragu - Kalkarindji (L)", "area_sqkm": 50.407}}, {"type": "Feature", "geometry": {"type": "Point", "coordinates": [135.796260316969, -12.503496860745699]}, "properties": {"ucl_code": "UCL721005", "ucl_name": "Gapuwiyak (L)", "area_sqkm": 11.927}}, {"type": "Feature", "geometry": {"type": "Point", "coordinates": [132.7978088590158, -23.934996225933055]}, "properties": {"ucl_code": "UCL721006", "ucl_name": "Hermannsburg (L)", "area_sqkm": 13.309}}, {"type": "Feature", "geometry": {"type": "Point", "coordinates": [131.0540936202134, -12.488967341469493]}, "properties": {"ucl_code": "UCL721007", "ucl_name": "Howard Springs (L)", "area_sqkm": 3.123}}, {"type": "Feature", "geometry": {"type": "Point", "coordinates": [131.0932181063518, -12.574474232491085]}, "properties": {"ucl_code": "UCL721008", "ucl_name": "Humpty Doo (L)", "area_sqkm": 7.891}}, {"type": "Feature", "geometry": {"type": "Point", "coordinates": [132.83684062084745, -12.670736753321929]}, "properties": {"ucl_code": "UCL721009", "ucl_name": "Jabiru (L)", "area_sqkm": 13.508}}, {"type": "Feature", "geometry": {"type": "Point", "coordinates": [130.63998578102922, -18.332769286760925]}, "properties": {"ucl_code": "UCL721010", "ucl_name": "Lajamanu (L)", "area_sqkm": 6.709}}, {"type": "Feature", "geometry": {"type": "Point", "coordinates": [134.0835536587049, -15.228661195504511]}, "properties": {"ucl_code": "UCL721011", "ucl_name": "Minyerri (L)", "area_sqkm": 2.907}}, {"type": "Feature", "geometry": {"type": "Point", "coordinates": [135.7419536624945, -14.271938042583024]}, "properties": {"ucl_code": "UCL721012", "ucl_name": "Numbulwar (L)", "area_sqkm": 5.2}}, {"type": "Feature", "geometry": {"type": "Point", "coordinates": [134.9313440832943, -12.323475902271523]}, "properties": {"ucl_code": "UCL721013", "ucl_name": "Ramingining (L)", "area_sqkm": 28.22}}, {"type": "Feature", "geometry": {"type": "Point", "coordinates": [134.3813661014073, -24.129550854155696]}, "properties": {"ucl_code": "UCL721014", "ucl_name": "Santa Teresa (Ltyentye Purte) (L)", "area_sqkm": 13.276}}, {"type": "Feature", "geometry": {"type": "Point", "coordinates": [133.11604789542486, -14.556354666911519]}, "properties": {"ucl_code": "UCL721015", "ucl_name": "Wugular (Beswick) (L)", "area_sqkm": 2.744}}, {"type": "Feature", "geometry": {"type": "Point", "coordinates": [136.87710107769078, -12.245386736679208]}, "properties": {"ucl_code": "UCL721016", "ucl_name": "Yirrkala (L)", "area_sqkm": 8.428}}, {"type": "Feature", "geometry": {"type": "Point", "coordinates": [131.79124306540507, -22.259308695196005]}, "properties": {"ucl_code": "UCL721017", "ucl_name": "Yuendumu (L)", "area_sqkm": 10.329}}, {"type": "Feature", "geometry": {"type": "Point", "coordinates": [130.97006515563038, -25.21368759265644]}, "properties": {"ucl_code": "UCL721018", "ucl_name": "Yulara (L)", "area_sqkm": 103.117}}, {"type": "Feature", "geometry": {"type": "Point", "coordinates": [131.10909583620818, -13.23571404755678]}, "properties": {"ucl_code": "UCL722001", "ucl_name": "Adelaide River (L)", "area_sqkm": 8.58}}, {"type": "Feature", "geometry": {"type": "Point", "coordinates": [134.34065304724186, -21.009224234491278]}, "properties": {"ucl_code": "UCL722002", "ucl_name": "Ali Curung (L)", "area_sqkm": 443.15}}, {"type": "Feature", "geometry": {"type": "Point", "coordinates": [137.8365229393001, -20.986324730178087]}, "properties": {"ucl_code": "UCL722003", "ucl_name": "Alpurrurulam (L)", "area_sqkm": 9.993}}, {"type": "Feature", "geometry": {"type": "Point", "coordinates": [133.93056822223892, -23.768395116335263]}, "properties": {"ucl_code": "UCL722004", "ucl_name": "Amoonguna (L)", "area_sqkm": 5.588}}, {"type": "Feature", "geometry": {"type": "Point", "coordinates": [135.2424916486225, -21.657632261342158]}, "properties": {"ucl_code": "UCL722005", "ucl_name": "Ampilatwatja (L)", "area_sqkm": 28.277}}, {"type": "Feature", "geometry": {"type": "Point", "coordinates": [132.27372021959675, -24.087020219260815]}, "properties": {"ucl_code": "UCL722007", "ucl_name": "Areyonga (L)", "area_sqkm": 6.981}}, {"type": "Feature", "geometry": {"type": "Point", "coordinates": [134.92591431412225, -22.999048263638883]}, "properties": {"ucl_code": "UCL722008", "ucl_name": "Atitjere (L)", "area_sqkm": 7.014}}, {"type": "Feature", "geometry": {"type": "Point", "coordinates": [132.86697182793557, -14.528656682820047]}, "properties": {"ucl_code": "UCL722009", "ucl_name": "Barunga (L)", "area_sqkm": 7.451}}, {"type": "Feature", "geometry": {"type": "Point", "coordinates": [131.0268732457875, -13.053533125512171]}, "properties": {"ucl_code": "UCL722010", "ucl_name": "Batchelor (L)", "area_sqkm": 10.278}}, {"type": "Feature", "geometry": {"type": "Point", "coordinates": [132.18594812351097, -14.549098148394796]}, "properties": {"ucl_code": "UCL722011", "ucl_name": "Binjari (L)", "area_sqkm": 2.807}}, {"type": "Feature", "geometry": {"type": "Point", "coordinates": [134.32858650276086, -13.661353207729164]}, "properties": {"ucl_code": "UCL722012", "ucl_name": "Bulman - Weemol (L)", "area_sqkm": 13.894}}, {"type": "Feature", "geometry": {"type": "Point", "coordinates": [133.5377292220074, -17.551111072342763]}, "properties": {"ucl_code": "UCL722014", "ucl_name": "Elliott (L)", "area_sqkm": 2.996}}, {"type": "Feature", "geometry": {"type": "Point", "coordinates": [136.7083213731238, -12.217170235758907]}, "properties": {"ucl_code": "UCL722015", "ucl_name": "Gunyangara (L)", "area_sqkm": 2.886}}, {"type": "Feature", "geometry": {"type": "Point", "coordinates": [133.82116878642876, -23.75472844374596]}, "properties": {"ucl_code": "UCL722016", "ucl_name": "Ilparpa (L)", "area_sqkm": 3.291}}, {"type": "Feature", "geometry": {"type": "Point", "coordinates": [133.2936407981698, -14.958853388166354]}, "properties": {"ucl_code": "UCL722017", "ucl_name": "Jilkminggan (L)", "area_sqkm": 6.098}}, {"type": "Feature", "geometry": {"type": "Point", "coordinates": [129.09628909133846, -24.877197202194772]}, "properties": {"ucl_code": "UCL722018", "ucl_name": "Kaltukatjara (Docker River) (L)", "area_sqkm": 36.882}}, {"type": "Feature", "geometry": {"type": "Point", "coordinates": [133.07701834576847, -14.92620567029044]}, "properties": {"ucl_code": "UCL722020", "ucl_name": "Mataranka (L)", "area_sqkm": 35.654}}, {"type": "Feature", "geometry": {"type": "Point", "coordinates": [130.65816324246742, -11.421709875821076]}, "properties": {"ucl_code": "UCL722021", "ucl_name": "Milikapiti (L)", "area_sqkm": 11.479}}, {"type": "Feature", "geometry": {"type": "Point", "coordinates": [132.5611237989844, -11.149168627554449]}, "properties": {"ucl_code": "UCL722022", "ucl_name": "Minjilang (L)", "area_sqkm": 11.433}}, {"type": "Feature", "geometry": {"type": "Point", "coordinates": [131.06736858929372, -25.350680209477012]}, "properties": {"ucl_code": "UCL722023", "ucl_name": "Mutitjulu (L)", "area_sqkm": 2.517}}, {"type": "Feature", "geometry": {"type": "Point", "coordinates": [130.69514659643784, -13.743071018387162]}, "properties": {"ucl_code": "UCL722024", "ucl_name": "Nauiyu Nambiyu (Daly River) (L)", "area_sqkm": 4.295}}, {"type": "Feature", "geometry": {"type": "Point", "coordinates": [129.8726887401671, -14.315857224027567]}, "properties": {"ucl_code": "UCL722025", "ucl_name": "Nganmarriyanga (Palumpa) (L)", "area_sqkm": 46.392}}, {"type": "Feature", "geometry": {"type": "Point", "coordinates": [130.56554095721185, -22.647088686932907]}, "properties": {"ucl_code": "UCL722026", "ucl_name": "Nyirripi (L)", "area_sqkm": 8.214}}, {"type": "Feature", "geometry": {"type": "Point", "coordinates": [131.91225485755643, -23.208058883450775]}, "properties": {"ucl_code": "UCL722027", "ucl_name": "Papunya (L)", "area_sqkm": 4.739}}, {"type": "Feature", "geometry": {"type": "Point", "coordinates": [131.82620278929858, -13.861836254953452]}, "properties": {"ucl_code": "UCL722028", "ucl_name": "Pine Creek (L)", "area_sqkm": 402.052}}, {"type": "Feature", "geometry": {"type": "Point", "coordinates": [130.42340812358213, -11.39154434422964]}, "properties": {"ucl_code": "UCL722029", "ucl_name": "Pirlangimpi (L)", "area_sqkm": 11.851}}, {"type": "Feature", "geometry": {"type": "Point", "coordinates": [130.49266093088437, -15.673459626680167]}, "properties": {"ucl_code": "UCL722031", "ucl_name": "Timber Creek (L)", "area_sqkm": 159.67}}, {"type": "Feature", "geometry": {"type": "Point", "coordinates": [136.7889368795038, -13.866274257125811]}, "properties": {"ucl_code": "UCL722033", "ucl_name": "Umbakumba (L)", "area_sqkm": 6.871}}, {"type": "Feature", "geometry": {"type": "Point", "coordinates": [130.74010723080164, -12.438426829032746]}, "properties": {"ucl_code": "UCL722034", "ucl_name": "Wagait Beach - Mandorah (L)", "area_sqkm": 4.912}}, {"type": "Feature", "geometry": {"type": "Point", "coordinates": [129.38430878875258, -23.273399196706904]}, "properties": {"ucl_code": "UCL722035", "ucl_name": "Walungurru (Kintore) (L)", "area_sqkm": 8.2}}, {"type": "Feature", "geometry": {"type": "Point", "coordinates": [133.38143335267614, -11.658180639436893]}, "properties": {"ucl_code": "UCL722036", "ucl_name": "Warruwi (L)", "area_sqkm": 15.859}}, {"type": "Feature", "geometry": {"type": "Point", "coordinates": [132.6217669594118, -21.26619319970846]}, "properties": {"ucl_code": "UCL722037", "ucl_name": "Willowra (L)", "area_sqkm": 13.745}}, {"type": "Feature", "geometry": {"type": "Point", "coordinates": [130.83162722087195, -16.453392559388718]}, "properties": {"ucl_code": "UCL722039", "ucl_name": "Yarralin (L)", "area_sqkm": 150.699}}, {"type": "Feature", "geometry": {"type": "Point", "coordinates": [149.1409419151318, -35.308519390424834]}, "properties": {"ucl_code": "UCL802001", "ucl_name": "Canberra - Queanbeyan (Canberra Part)", "area_sqkm": 392.967}}, {"type": "Feature", "geometry": {"type": "Point", "coordinates": [149.06799221749935, -35.16991197490691]}, "properties": {"ucl_code": "UCL822001", "ucl_name": "Hall (L)", "area_sqkm": 1.739}}, {"type": "Feature", "geometry": {"type": "Point", "coordinates": [148.92516550199622, -35.296023129250045]}, "properties": {"ucl_code": "UCL822002", "ucl_name": "Uriarra Village (L)", "area_sqkm": 0.918}}, {"type": "Feature", "geometry": {"type": "Point", "coordinates": [105.67474247448972, -10.432863808807662]}, "properties": {"ucl_code": "UCL915001", "ucl_name": "Flying Fish Cove", "area_sqkm": 7.866}}, {"type": "Feature", "geometry": {"type": "Point", "coordinates": [167.96849088887933, -29.03494038499276]}, "properties": {"ucl_code": "UCL921001", "ucl_name": "Norfolk Island (L)", "area_sqkm": 20.721}}, {"type": "Feature", "geometry": {"type": "Point", "coordinates": [96.89521571564933, -12.115271314588377]}, "properties": {"ucl_code": "UCL922001", "ucl_name": "Home Island (L)", "area_sqkm": 0.903}}]}